-- MySQL dump 10.13  Distrib 8.0.31, for Win64 (x86_64)
--
-- Host: localhost    Database: inframart
-- ------------------------------------------------------
-- Server version	8.0.31

/*!40101 SET @OLD_CHARACTER_SET_CLIENT=@@CHARACTER_SET_CLIENT */;
/*!40101 SET @OLD_CHARACTER_SET_RESULTS=@@CHARACTER_SET_RESULTS */;
/*!40101 SET @OLD_COLLATION_CONNECTION=@@COLLATION_CONNECTION */;
/*!50503 SET NAMES utf8 */;
/*!40103 SET @OLD_TIME_ZONE=@@TIME_ZONE */;
/*!40103 SET TIME_ZONE='+00:00' */;
/*!40014 SET @OLD_UNIQUE_CHECKS=@@UNIQUE_CHECKS, UNIQUE_CHECKS=0 */;
/*!40014 SET @OLD_FOREIGN_KEY_CHECKS=@@FOREIGN_KEY_CHECKS, FOREIGN_KEY_CHECKS=0 */;
/*!40101 SET @OLD_SQL_MODE=@@SQL_MODE, SQL_MODE='NO_AUTO_VALUE_ON_ZERO' */;
/*!40111 SET @OLD_SQL_NOTES=@@SQL_NOTES, SQL_NOTES=0 */;

--
-- Table structure for table `category`
--

DROP TABLE IF EXISTS `category`;
/*!40101 SET @saved_cs_client     = @@character_set_client */;
/*!50503 SET character_set_client = utf8mb4 */;
CREATE TABLE `category` (
  `category_id` bigint NOT NULL,
  `category_name` varchar(255) NOT NULL,
  PRIMARY KEY (`category_id`)
) ENGINE=MyISAM DEFAULT CHARSET=utf8mb4 COLLATE=utf8mb4_0900_ai_ci;
/*!40101 SET character_set_client = @saved_cs_client */;

--
-- Dumping data for table `category`
--

LOCK TABLES `category` WRITE;
/*!40000 ALTER TABLE `category` DISABLE KEYS */;
INSERT INTO `category` VALUES (2,'cement'),(3,'steel'),(4,'bricks'),(15,'khadi');
/*!40000 ALTER TABLE `category` ENABLE KEYS */;
UNLOCK TABLES;

--
-- Table structure for table `checkout`
--

DROP TABLE IF EXISTS `checkout`;
/*!40101 SET @saved_cs_client     = @@character_set_client */;
/*!50503 SET character_set_client = utf8mb4 */;
CREATE TABLE `checkout` (
  `chkout_id` bigint NOT NULL,
  `address` varchar(255) NOT NULL,
  `city` varchar(255) NOT NULL,
  `contact_no` varchar(255) NOT NULL,
  `first_name` varchar(255) NOT NULL,
  `last_name` varchar(255) NOT NULL,
  `pin_code` int NOT NULL,
  PRIMARY KEY (`chkout_id`)
) ENGINE=MyISAM DEFAULT CHARSET=utf8mb4 COLLATE=utf8mb4_0900_ai_ci;
/*!40101 SET character_set_client = @saved_cs_client */;

--
-- Dumping data for table `checkout`
--

LOCK TABLES `checkout` WRITE;
/*!40000 ALTER TABLE `checkout` DISABLE KEYS */;
/*!40000 ALTER TABLE `checkout` ENABLE KEYS */;
UNLOCK TABLES;

--
-- Table structure for table `hibernate_sequence`
--

DROP TABLE IF EXISTS `hibernate_sequence`;
/*!40101 SET @saved_cs_client     = @@character_set_client */;
/*!50503 SET character_set_client = utf8mb4 */;
CREATE TABLE `hibernate_sequence` (
  `next_val` bigint DEFAULT NULL
) ENGINE=MyISAM DEFAULT CHARSET=utf8mb4 COLLATE=utf8mb4_0900_ai_ci;
/*!40101 SET character_set_client = @saved_cs_client */;

--
-- Dumping data for table `hibernate_sequence`
--

LOCK TABLES `hibernate_sequence` WRITE;
/*!40000 ALTER TABLE `hibernate_sequence` DISABLE KEYS */;
INSERT INTO `hibernate_sequence` VALUES (17);
/*!40000 ALTER TABLE `hibernate_sequence` ENABLE KEYS */;
UNLOCK TABLES;

--
-- Table structure for table `image_data`
--

DROP TABLE IF EXISTS `image_data`;
/*!40101 SET @saved_cs_client     = @@character_set_client */;
/*!50503 SET character_set_client = utf8mb4 */;
CREATE TABLE `image_data` (
  `imgid` bigint NOT NULL AUTO_INCREMENT,
  `imagedata` longblob,
  `name` varchar(255) DEFAULT NULL,
  `type` varchar(255) DEFAULT NULL,
  PRIMARY KEY (`imgid`)
) ENGINE=MyISAM AUTO_INCREMENT=8 DEFAULT CHARSET=utf8mb4 COLLATE=utf8mb4_0900_ai_ci;
/*!40101 SET character_set_client = @saved_cs_client */;

--
-- Dumping data for table `image_data`
--

LOCK TABLES `image_data` WRITE;
/*!40000 ALTER TABLE `image_data` DISABLE KEYS */;
INSERT INTO `image_data` VALUES (1,_binary 'xڭxuX\\\\.Z(\nHE;,\w)\VKq-\\ڢ-n\ݝ\"\^\{{s\9\d&y29\ii#\'%+\0\0\xZ\0|\\\\\\>\DHHB\DCB\@NHH\A\\Z\\\FL\\\\\\\\cab\\a`؟\\\KO\0\+\"D\>\0ϝ_BF@\">\q\0@Dd$h\0\\<ph9P\\T?8\\qrA\>\V\ߛtNWw	Ϋ\\Z_u\r\	l?]$\	\߽\"\\"\\r ={O\\9F\TF(Q\'zv18\Dυ4xn\\1\\\~\4cC>gchQ\Z\s\1\:(b0\HK̓3_i=L\1`Qw;4)\\e1\7\c0\Wo=\\ozoyXf\mѭݼ\0.nG)փ\\-\IO\"N\ߟ׺H]Ӵҧ\> rNr\N\'V\yz\\\\\M`,C[\ra@U3!)\4+}ѽ\\"z\0\ZnE\\k|\o\WoV\!\*qs\"W⧍yl?gZ~2\Z⸹`Rۈ*\d:\\VXڙ\\\G5Z\}\˭S6\Z\\js\Z	7ˎ9\].&\'DE	ו+[`x\~\\y!ŕ\\\i\\Bc\\\\Vo\7x˭\u\B%\\w\\F\\\\\\z\k\Zeo\i5\nR!LyurA*Pu룹:\}Be6Ksą[̻\\o\\\s9xkOM=$\I\ZuP\\dH\\8̰hh\ϛ\`ci:\\Uy]\09)5=%>lk1l\Z|0U03\^<\0JouXnR|ߛ4w\"i,\[qB\ȶ}\\:Q,2@H\=[\\}\a\_b{*8\\ u3<%~\\w{\\=fFMMq\\\^>a\!h,y%h٢\F\RE)\\Zɡ:4\Nl\\nd\+J^m㦹e\\#W*\f\E\\gU\"\$^S񘆝\qè\w\\^jT\\<)<;R+I\9&!	\J/\\o\j\{\wJta\mؗ\b<zݷS\\\^P\\ZJ\R\^K\y>\,_kx?[HB\K\#bZBP,r!{r|,o)-\	t\\\\\kJ{L\ʿpNB\;.˦љ\\<\Z\?6jŖ&Ԧ`&.8B\rrqP\8\4oE[ސ\l~6\vS\,hf0G\rÛ\'S\f\L\b\0Uh\c\\\5\np\\ENF&P\<\S\\\\\5iC}RA\nצ\م\rNy\˗_\\r\t[\\\1\\sQ\0x&/rz9Pm/)x\\\\\\G\%̍;\M\q\H\Q\3hǺ|]\W*\O\CD<kv\\`\Cfجŕ2Ӫ\\ -\\J\r_Mׯ\CW\\\LmiB؆i!XED\q?\_DY\k#\"eѧ\4_I\/\\0);	%\'fmoNJ\jx\\rf\u0%\\nz\ɋz\ѯd؟\0̣Oȴ#\Jp?վ&\YhP++\\n-V\\Éxn.*Պ4\\\b)lN\YP\Yxq1U\\ī|xk=\'39]z\t\\01]<?t`#?y6i`KIr\j{hqO\f\\n0sgf˕W<H\r\/Mn	\bai8F?Ljp˕nj\_\X͚&=@ǲ7\I͚r,Aճ=`oYe?*pGrAmf*A2dz\\T\xj?.D${`%dUt\NY\i\`\\\\\\-|kK0[\\\\/m:\T٣o\\Ŗ\U4\u\\"e\r\\\r\rty]/7\4\9D\^O\j\Ѹ*:q)/$.zW$ \\\\I\\"6Վ]\+6Bo逍Y^6\"ί.\\d/\\.~zu\LyNu}X\\[\n_K=\?T\rx,ٔ\r\'Z&\\uCVP\GP^\(\@\6ZB%3hJ\E1\iCi +>u\yc\'\g\"\k\J\MvQ\\5nMjF\Ll\\\d.\9dA\\+\\}\V/L5%B!CPOĤ\=\*\\C\S\	`U1\\epi\\rgj eki\-IS޿$Ls1\\˪ 5x\\r\\L\r(!!am\\k\\Ӯe\r	ɀ(EPmw@2\'\[\Z{\Q)\n\\_\	TZ2(сm\^\g?R\Z?\q(\\RSۢ\E,1=\\Eq\\&4\\̑gCYZ+\F\Pm4Nӓ\\Jc2\ՙW\^9\y;4-\xoxO\cH7:\"~qԖTG[22X\{&\CM\o	t%}eEuRb|\0%~]c\\ĈRxY\\)U\H-zC\\"\\\ڡQt\\H\\\\GLх\\F\Z;^(\ܶPk\\qn\n\\-`\1\݋\ٰۂMJ\Z\Gjo\ҝҞpeW\\rzkqn\\\nbIჴ\Ezv7\3XJCE\\\DeW\OV\'X*5&\FuB\d\7Ya\t#\\VژN\\\I\_~\E`\rZ\ZH~ڊ$4]>2XDY\_r-\\PkS[Xg\'tEnL1:\\\/\oq[\TLCj\ěӤ)]x\\OID2|\\i~dIͳևR\@\0IG\0<\[˹uA\}^Jy\C\\\q\"_T%	\0\Z¬\\\Zl\\[\sAF.\]\ 2\\.A, ,xoq::va\ā\\\+P}C\\׷µ\\SAtq\\}g$n=.Ɍުdv\r]\\L	,j\&r!:*v\\Mf*LQYxb\;}\\\Z_\x2WD),eQ\nۨ?$Y/\\	LXӹ=\u\\_5\\nYۭvq\\ۍ3\\i0+cǔ\k\xZIy\1弤M\k.MW\H?+[R\~;_Ra˿J:|\"s{\"61v3T\6\nI	Yd\-^	\0L<\\¾o\Z8HT=;Ҧܲ\$\0P|\NҰT\h\mا\+\T5\rhtϡ\R\\@bD#ǵk%}&<\m\`\n2\ព\צ/\n?\J`+L\\D9\i3$	~D+L7\u\\\\vIa\\\^\\P\'Ii$\o\ש\.LRQU\2J)a\5\g\(\"\ZGQ9KkzQ@\)\\$\~4!𺦋\\S\\Igغ\#\rpf`Չڽ4\#	B\'i^I#%$d9`\~|\*s\\X\\Gr*䈛~K)N?X\\\֊\RP`L\\6r܉V\|\:l=p\؍2l\4ٞ_]㐹\"\\E\\aNbHA\\n=F\-[EU9Hз$N4 ]\^:(q\\@s|G%.sIhG\\\\\\"+\]z\\FUl;5\iwrQ]	$n]\j.:\\v\[\\]#&X\~w\r*Z\\\Z\3\rtht\\0SVŷ4\^\\؅\5:\w&?r\Q\\n\~Ъ\pZ.U3\Q;vGNބ\V\F\¡%f>hǖIOD\\\'3\\)\΢K\^Wx\fb[f[q\\\k$,\Βe\\\\zؑ*#\"]\\̩nMR^\01\'F\\G\iSt\	>m[mHΐ\)\A\\%8Zn\\056V\V̹3W@T#ڼ\\kdHhy\%E\(C;Ip\\\k\6`\K\\\k\B0	\\63q?]cOlU	ƥ\h)gS_\\\r~\\Ϥ&>z\\\'\\z+\>p\0\4\G\!-7\2c\'{_8\^ġZvaSezЊ$!|@L\0ȋd݄%}%\\iG\z\}\\FH]l_o(\\Իh\\\K-f\x0z\\o	z~߅lX\\&\\~ѼzMs6;Y\z8\^\n=cFI \̈\n\"9\ұ_j~ݏ\됽x1_\yKY\\S~\\Ɖd\\C\M7,\U\\r3C\oD\\'Xިۍ߫\\c>~x,\n\\mB3Ϗ⸘.Q]\:Օѣ:S.]\"\\9U\5\\\'7\\Zs\_0.\߃\k\[A\\R\c?fMXa-4\-3<t\q\{L\qX.\Iy\)G\\\nz\~Yeg\'O\0˺ḍs\W\$\\0g\.\rX|*iӦ\'\3\mI\ \BCĆ\R\]q\\]\C\\hoݻB\\\yR\\'\˺^b\k/Kt|Zl	\nN\	\\~v\d\\'s\j\n\\\\n93l\S\\[\f3@WQfP\'^\hb\ \9\\R\$K_?m\Z>\\\\;%\Z\{Jӯ\\\"7\	e\\n\Q.S\Ppp?\f\Qrدc\0dZ\XO\01\\'@\\Ć\u?KMM)Oe\	E\\D\VB?\\M_I_eFl&\wd\ϱb\(P\\շ\\r5\0\-ш-9/\\HLwouȺX\%q]}\\\Y_\g\/Hҭi\\8Td\\\b_\R\a\Z\\Zv^7$t\SFV\O^67\\O>\ݎw2|K$69W]M	؛\M\\㖉\m5/n\\o\Ys򾵱ttu\ /Md\\Z#Q^#\N}Q\\R\ݝn\(\\W\\BgT>H\'c,Z\tOF=ق\ww\\X\/t\|m\D\\ #;\\'\\\ 5.xxmǑ]ܡ5\\-KM]\M\:\\0\"&~\#Һme,C{PSU\\.8\\389\'?5Joz\Թ&p\X|d$\0WzEf1\\:\\\oz5UGUeh\>D\\\wH\l>K}g\R*u\^\\HT\\3JU\4*9ȪUȺ\\$\jj\z\{\r;E዗{)A`*\4r\;Z\\\)>?W~p)\욆ImK\7z\0S\Zhe\;Z\Z\\\\ZcbE\\K,CeV\\w1oV7j;\j,4I\)\v% 	;*SHb\\=\8=G\8ެk^]p2\\͈Ȉ\׭\+{D&od2\pf*hġFoAԧ\5\0HWE\f=޶\0,^ԕ\#,\h\07\\WNQN\\\Fi9\\-V<h(\\n\=7FY_Ĭ>yj\}β\Z;hB\FK&\1]_ɔy k\\|3\hK\dU\ ,>c5m\S%e:FsCׁ_v\Ơ\w㰐B/	j}c~\	\=4@U\o7Dxra\ӝ]\6\cI\"=z0MXë́5\/}\\n-ǽk\\0\=z]bI\\\\\\\"L6?0AuwNn6+=t\U\͗ y+b(dIwB\ыVs\\A\v5\ozE9Fh}tD\&#t$㌯,\\\\\U2ou%#ԍ𵀼FG\+%\0\0\\A\\ye.mG}\\,]61S6~:y҅#CGeY.eBǹ\Jd\r2Hq&\\"\`e &h1FBEǬilPa RC~>6PF\M\\Z·Ⱥ\*S\`\vR]s`X\\N{nv-.X~ȅ>bj\c\"DF\J L\\{~<TD\\L/n\O(\"^]XM\f\ȯ\A\1\%Ci!݀|]+C\[>TJLMqr(8Jx=W\09\*th\U\	A^v]Ȧ8\r+=?\}{\褣O\\\"\\WvƼCoA5\αf\0l)\'w\\\T\\\M7=npx[\苶,\U!t\w\^$\9\\S!\b\-\#9\Y:k\"Dh\MиhlA&[,\\K\͈;}@=w0-H8\T@\b%hR\@i7t>\@#\IAT|WL\\tC\FޞF]~sd\r5\#nPUQ5C#iD?K`u-i\f.0\P\'\\\zL	dҊDr\dx\˥\TJeuo\e\"-e\\\W\\W+ct@\\8\\r?<=xl<:\i2\\Vn3w!\#\\n\~\\0.\\|lm\\\k@I\\V/AO\u\5uA~{>@\CSG,	\}O\C7\m^OmMu\m \\\\\\0\p0\߼\\B&\r\m>O<!l\6G@%u\y\XaMZBF˼#\\\\/\؀sڦ/3\|F܁pg4ė4\\f\rUe\\Z\\>o3`=eȫ6\3t\p1R\RQ|\\]8:Y,B2\\8-8j Sp\p!N¬t\.6Ce^>*dI&cb`J*27\Y/G\f_q\ڏ7@ۢ\S5\i\\\e\\!k\ɍ8xd\&\n\kZ\ԩew\K!\;&n}zj=UY\\ս\;\`%i	D d#z\N2Яo^^\8\:t}\(\\0\	\%0\\'$\'o6\"Elw\n8\@+T\\\\fs\r\\Zi%	\5(J9\eU\Wp\\\nu\\Eϱy\\n\\\\m*\y+$Ɩ\"蚻~G\}\Z?\ef\f\\3(#\ e(ñMX/e\qF	p\OufQh\\y\\'\vH#zy䛁/r?\ a[\p˿:V[]];\\xr8(\ʛAz2/\\\".\5[{\.mx\\B7\\\aƜe\\˨\R\\rN.\#;d\{\jGQ9\ud2W7H\U#]L9/B+\\Zs\`\>\;g-5KU؎xD}fRk-~{\C\\')\n\Lc_)\\\uA>}q};&X\\F/2\MrR;ܫx|w\f̦\--\-\\TN_\gJ\yf\ZLȾA吔wݥKXw\\\Á\}0Gi.\O9E9!\d8hdz\r筒{\\[sP\\1:V\Z:6ʑ\nqR@~\\j2Ӧ\\x5\\\G\*=\NFojsͮB4\"\\\\[\\fǜxa\|_g¸\v~\\\\o,\\\X\"zCH8S\>7%9IʢY\$Q\\\7ģ\vx+\n{``~DE\5u\U.\\\n-`~㮿\,	;Qj\bƬ/4\ZmnmgiҶ\\\\(*\Ex^m\:fϣ,\\k#(|[\ZP\]\5>\\13Ĉ\\'ssLK\l}\\\L\	\]R\J\\\=T\D\#2 (\\}~\\r DC\\{-[n\\tT63\\]֯YS8\\:\N08,82ȵ|J\Z\\\4:\CG\\\0\4p\Z~j\$]gWÎD>ʅ\\<n\\'_*r3u\7\T\qtF3\&\6oUନ(\i}\TҺ1\@\E\TrK\'7#cؽLo-o\6P\qI (\\x\2Y%豊]\w\'S\X\;;eu޹\:.n>\^\En`m\lL\^WB[\J}\\8!!\\Z/^P{3#m\Cq>\2*U[\C\)绒\6A\+e+\\O\0\d=jVb^cl_\\'@\;o\"\"C+EW\K=\+ewW˽\\\V+l\Է1G\9.\\\ZǮ3\"4Y~S1\4m\\\(n|爛\0عҋOe\9\9\F\\;\䋘[=6	\\\:w\\\?v!W\\"1\+n\\\ҿ\<`FW\.\G\wc\\)f\'9\+_\\g\w\W\')Ӆ{l\\+\WΧ3\\\Vzoȿ\5\L}4*{$-\\5_\\Wd!jn\5(A\H:<\n\\{m\dL\~:#\\&=eb\m0\EX\P\!iL6 e9Q\0smBScQ\\"UQ\\\n\ϕ\ku/\"Әr\\','Birla.jpeg','image/jpeg'),(2,_binary 'x\\0	@RIFFX\0\0WEBPVP8X\n\0\0\0\0\0\0\0L\0VP8 \W\0\0@*M>m2G\"%\'vJ\\rM^>WK\\n\\T\0.\y\0+x]Oo_\*IO\z\s\\\\r?\\{\o\#\\\?4=\\wn\\*\\\~Sr_\џ\z+\\;\\t\\!a\\⿾~\\\<\=\_\?>/\W~g\\x\\\\?\{(\\\\n\\':R\mc2\\6W\Eg\Ū\gK(uWM\R$\\\0GX=\20ĭ\蝒\T\YN\0*	\\\\\]U&In\\\臘3AаNY[:\\<Hhݢ\9Ϻ4Hp_ELmg1|Y\\\䛣\˅\J\\'@\YZ\VmOl2\Il102#6\t#$(?&&&\k[%d	\2+\CZ\\.h*N\V\\*SM\\\\,{\\\~A\rZ@%\p!\T;\M\qiB{\\y\\0\\\K|P}_\Cl\E\\n\\\-\:sϔ\]!p}.\<N.~Wdr(\rb\rΤW\C\h/d2\8`B*&K87\rbDJj\*\\.\oJ:\՝R^be@In}c\\Xrs\Np\#Pg)x%`rq	\\\\J>\L\b}E@\{\KԆ-\\0\\'$x\\\\M	Zk>\_\G<\nĜ\'B9\Z#g\v²h\\r=\ ^jP\i^\\[H\8Ç\߹9@~\o\{wb~\\?}\C\\/x\ ũ%o[|o|_H\FS7Y8\BI bM(\2V{8l\[9\\\\ޕ1WiAi?m,w2b/yLLScC\\9d-\l\\"\E\+,_\&\\"0JH*,\_ӑ!ڼG\?\:f\\P<\r\\Ӄ$vjHb\*\S腓\5u,M?jjn_\\\][tDtlj)ɶ#̯XpKQ\O\\\L	\\֯hh5d{/ZcˢU62\6:lK)z\\'\"C\Z\@0\\]\\([\\"C˖\G/\2BF\\΄\ˡf\ڒ}\&5\,ҹj\f:4\Zt\\~4r\Vf}5U\\wݲ2MQ=M+\'wlu~FJ\p\-\jE(\\\Sa\dD\4+H\\aSk.z-\\rO\Z¬\\0p%aorkitk`	#e.}39s65\0m\_*\uǣvl\\Ce9ԥ&mb͗heS\0wC҄\\]ɽh#\rcYFo\[T5\Eة\\eY\)\0Фg}6H`e\~A=p\Ra\rڨ_.l\v҂̍)#/m\ES|~\ehN\\Esuːpχ\=\\Aф\\cq\gxR\5d>ysN\\'\6Ԋ~6\-\ў\>\h?I1-%\|qV\\'~H\C}:hdC\\{\	`n\\:3[\P\\a\챎\>bQF\[b\\ve\\\\Rz۪ڜ\J`Dm+\cZBaWmR[]\}yH\ZV,Jlk\\\n\h\w:W\\.E\'bd;w@ѷo.\mࣘS,Q\|7\,\io\2\^x\Fz	zZ\1>u*OZ@Aoaʧ\ oPڳs趷(EnQ\G\A\]RQԲњ\\\.׀XS\np_J?ϲ\!-\Qg+49;~\f[zVGMdC+\.\a`h0+<c\Z\\Gr\-\\PQߓ\Qu9MVWH\މ\c3\>/Bu=n6\\V䄮\2(k7!ʮ&r\\zy\\9h\{t\տ\0ѱ7\\bll׹تՄv\{s-pޗC,r\n\\%:$\\02ԷeD\\8\g5T\9\y[\\n\E:\\c\g\\\yMˣܡӳ!\r`\\L0?]g\i\@\\WJ$\nͰhNFujAV?vgL߫XY\}\j5vB\VwEtgA~0f\\+\B\xywx\vqUK(w٧\Z&̦\\t\Ѣ\mqQqjD0k$(b\30+:\{p	\t}K؄\8eVsK\\ʴL.8\I\r}ԥw2yֳ~у*6S\Qc\\\vBFסU\4\	٤3c\6\p@\0\\s%`ry6\n\0649!G|Ia8r,1CR\i\\y(\\&n\3\rOj\\O\-\ԃp8\WDʩh\"\\\\fh\b0\\0y`\@\0\'\\\\Y|և\Q/\Z\\l\3S\9eh\Zafh]Y܈\G\IZ\0\0\0\0ToPbb\r\ \\a\\\n@\\1^\"?G\*b2$_\n@f0h3Hy.KAI\^1M:}ȳŝ~\u)H5\^z\\Z[#\B:\\rc!xL\0V>\\ӳD^\+\\Nd;+0֬@&bGT\m\0ͣ!d|>dh\s;${Ņ\^/<V\x\g\12<l\$k2Gez[i1/	Þڄ4\{\gבy紬W2\b \qnb\/UB\8,7ڷNŸ\rn;Z\b\Z\_L3\Z[.8\\,>7\Z1\ɃGڒ;j\\=B<\-\\\nL&pV)/2\߿\֪*3,\ei\oXh!MpC\vژKLmv]0\\ަDbD\|nPГ\8K6%<iȭ-gȕ7\\r2[NsXi\\EԜtHZ\c\η$\ܸH\R?\r)/\"Cu\?\niVCcy \;2RHz]\pLsr-!FD\L%);To }(>!M1\\uTJpV8\0\0#2/}\\nh)^\+N\Ţ\\	P\nFȀlܹWH):=M)pv\Z\+\\\\QE)YPioATa$D\.Lcm\:\eH-bs_}VV+|2\9)Оx!f_\\\j\sO4 צ0Ɔ}\'LC\-\%\\29~\\[M\8=\0Xhє\"\"AY\ԡ~C\0T\K;?\S\ZQW3P3\\'{Y\*);&2𜛠\'\\\dbw~-\exJH\9NtWH\v4fM\\\M9#z䭷.Q\^\\\|kssA\0y%\\uc]cro1sx#<2d;8e/\03\\\Tp}vB=v\0J@\\\r\nT\ED܋gF\\0!بT\N~w_n\w\\\ǹ\r:LTq\iHPH([4NTv=\2}U*΀ͫsz|`\n\mzz0\}\\[\=AO72\\\\gUCn\f\\\r\\\MG.\\:q\~\A\V\0{Óδq\\'`\\9b.B=\\M15\$\DKt,\^\lW@$Ѩ(o;n\^v\9M7@l|%\&Ey81\xke!-\ZPVVۋXE\\	/\\"\xƁ\\#\~k氟\\n;\\W\W~Z;zpL\	?\-o\3H\0D6\_\+P[+$\k\<ٟ_\ImYr\5t!)q\\s̹n_)Enʳ_??Ҝ9uc\\B`JB\Z\\r\09\o\\\\Y\\KqJ\,&\)k6O\'@WCC\i	=\\Ke\[O\ثA|\\\\.y՞眙\\'\\2\\Z\Z\]\`y\·2\x|r6\"?\W\Oê*e\ڍ\!꺑m5β*wZ).\j`ȝ\\GM\'\\\cwڰ\(a9/\0\lMN_̑\vw%4|\*p!2\\N\\Qo/c\2rW?#0\\4\am\;*ˉ}U\r\ZB*8\ߞR`gc֊\GN%\LR\7f\w6^weWqfۙo7*Fo\xU\wMs7Ě\M\\\)yϿ\7<}PWi|&\]\/}]6\jPΒf3\ \n\_L\٣+ꬮ6\\S~ݕ9\1;\ZDDHw\L\w&Q\!9N\Gg\v7\b1$\)w\M=\bϙ5ln>LP	vi\t\\,p|^\ʉ\'jwZ7D9=]\"\u\\\[0&q|8gI^\۳x	>8#\0Ц\\lI\uQ\"J\"ӳ\n\\P8\\\\tZԽe\\OqGNa!\D8_Pvŗb]-\#	4Ժt0]BNq$CpNrLDU\4#RE*h\@-,qP\0\:\xt\n$v5	Q$\*R\(\J[w\\'\U\Ia-e\0#\r8@OG)j\\n>H:=\\hed;4oM\\ajz_\f>uW[\\Npa\ݪ]\BB\\؂Ў-\"!P\\.\;E\EΔ\J}Е\\\vrĂU^\\r<*\ˎh\\Z\Vh\\+qR\0\`z`\65B\a`\7\J\\)\8ʵ\-\p\P-)zOSu!/6c$(yJn٢\\\Zezc0C#E;\\a\ޓ\=\a\r`\0\sؙxw}GZ\ra>lj\X\m\\\5<\\\%\\r\ni\\[\\z΋\\C\\k\nUb\\\<3T5\\5\\0_\Z[\\pn\\?\09L\)B\#2\_$pij`/tM&9aT-\\\e\>\'\`(ߌw\\\*:\r\Eq垵$R\z\\0a\?B\.<˥CI\\\֢Z\\uG\):-%r\6S\8&)w+\`*\ZC4g?\Dئa? \}>\(_9wf\\Z\w_o Lp\\kP}\\(\AD\'\\n^lT\hЖZTS{.(+\\%&pHmNo\,$zqO2\NÈ\|8o\N^*g\\ԇ=o\\<\tI~mB!\\0GΛ\6\'K[`y5-dC\}磅\C\\v|>@J\pҨB\L{n\.;8\\\v a\CA\\"9wȸj-R_=<br&=|/N\4[Sϗ\\\?AS\m!t$ݹ	 ʗ.ƶ\\u\\+\)ފڗr߁nڰc\;*\=rG\\&8/9K(KGkn/\\L\{D\<ΰ,=\y>0m\az*\7эN\J74\'īY\7{9}A	6/?\z W4\@\(\\\#\f\X\|K\WƆ|n?Z\\\R\G\\\WĲ[+>\\\/7\\ԸNz\n\B?Ԝ܂7\:U>t\筨쌖T\K\\\=(ά\q\nh\"\HPPi\E[ފ\n\MZ-X/_K\u_lxF\3JNϧ TGE\VE\\k\o1D\dNGo\i\3\\=N\+\@qm\0\Z\'{ZQ0\yT\x\nd))&.uϖ-+\\\~ߍ-\yϭB\gB,\ֵL\0uML?\pϔ餕\II\\.ᩝ\\gHq0\\O\T%׌G=@BXJY<-N~0/\5H X6LU^XWL\YH\\݇OE\N2&J\y䄭g>\\!\g3Ǡ\rkJHCtе\\yLJ\\Uu\\\w\\>\^ q=pMGv3+GGԞ\4^\F\0\\;\2o_\y\\LB\\n}I\X\6^W~?7\\\\Z*k\#\\lW\\\@W$n5l7\\0\E*\7C\\Ze\&@\?\Z\Z_[?\\'\\\T\2\,wK\O\t⨌\ и\#\Ă&	Ź|3\\\Nev^~\@\+\1\G\z\S>зH\\\\Qs\ȁLS$M9z\'\0|-tE\2\bj\\\iC/{urz#HCX\\B7Ye\"apEer\\\\\n}i׸D\#:\\`\zq+\>gV\Ь\h\C@\\zѮX6ڸ\^%K\`v𗎶\\9\A\l\\XA\\g\'&\NI	\\\J\v;\W\c֧\L7\X$dMo\p_\\932	r3NڭK\o\\*KJ\GJ>\۲\P;$8\</@\?\ZI\Sj\v\^5!\Z\\\h>՗\g\\뗌(h?\ZUR֚tj;\X[\0@\\%\%\;7\4\Dgr]k\Sό0U@Hԕ/OJqC\0DxkLJ~0\+4q=PN]Cۺ_\Wʴ\\e<v\~D+V.\0\2/fĞ,\Aa$#RtL\hZ\!	}\\\\0}\xRzէ\	6s\%ǥR/hC7,\u[Pِuݻ.IZ\r\2KC1\"~~$c\\\LG;3Q砚S@\\nDo>eU\'%!imX[f KH\o6yV)\\\&$U\\p0]6\S\\\J҄<JI565\i\\Y1\eiqB\\\FCg8ˊ\\;\L\?p\\y朄2\Y\\\0A\d\BXW,\ԏ;UeF\	\2\߶Gm~U.8\\kT~\n7FH\r\Xn}7\+\2\6m\K^x\ZZ$(\\\ך ҈QPI#L57m;}/t\\mNe\\0Կ:UZ׆Ě߰xv\Z[\\Oi\\|\n@y=\q\,g\\!+\\Xe\\=ٌ\3\"\'8B _=\rEv\0\n\;希^&P\n\g\Џc\B\A}8Z\\Sa׿ol\R-~Ϭ=\6H%\L\"ž\']\\\"42\ns\08&B.i\7ry\2u0M}i\+)ֽ\YRXLK\ yHho\\|R&XB5t\GI`%o\\\ҮLB;.\\\/!fn4)0sfp\;8/\|0\\nHhݐA8.\\9\\N\\n;8\0\+EZ:u(gzަ.[}:8\L\mңE:\\x\;+m!\)vJ4M\q\M/6K\Ol/\\l\DA6)w/X\CA\\9MOբH+cqA\\\Q\'mA	Soh+<.\tF.8kŵ\\\?\n_sh \\H\\v)(P4/\\W0o\rߗ/.o\0\(ˎB\ìăN)Wi\\\r#^\ \N:\9p\\L@Q\h]\r$:t⡑\Ϋ\wDl\4o!.%\7\sn}jQFB7П vQ\\\A`c=:G\g\\o\,~\\Z%h훶Ɲ\;\Z\W0\ZPA}\H3\\n̔\Z؆8x^vi\\0Y\&G?㘶?\\\\P)t	\SPa<HrCZr\'D<C\E\`\\g-=χg(B\|J2j\	\ԈG$Pb F\<4J\Swb\1~7aD\Zz\)\\\,&D͸;\k-q\L\\G\V,<`b!x0:\EJ^4P\MvX\\5鰛9\a=||N2\_rIk<Ϲ\ۥ4(YHO0L F\`z\N\\\r=f]\0@ЃӒ0U|̣uRM\B>p#6\6 j\U\\𑈨Pr\0$hM0,D$\lp\I\\<.X!~҂AiqSݮӶk_\\\']\Z=\\\\`\y\mX	#\D\o@	a4}HA\r\\QnS`yŨC)G\ksmRc&\Q\1؊VK.k2}\U\yE\?,WU9[\c\ncS|\\9m\Kr\Z^<,.m\<r\4J|n#gf\\\\`\R̛Wv\e1L.$\<\\)|[,UlRqA\9 \'\w=ƂZ8ɝJ\VdTX2-\.w캑h\\6\z\xMx\?{Ol|\(I>FPQ\\He\>\\*t[|\\ϖ֓ܤ~C~Gi,wyk\\nFl|R/\%VP1\\0\Hνb@\@<T!+\'ڬ\4A\\XhKVz\@χvHoc\\\f\r~`[zv_RE\"zLK],R\\	C\\t\&	\"\\\.V\d1MY(\vJ2!o\\ޛKe\\\\+gީ:FM=U\\E(?P-|K_f,s;\0PS漅ivH&MQ\' Y s\@\n#(\B\\(I\\tHA\0	\\mB-3\\\\|=\#\I\@\L\\f\Dbvq[\\\\\_a=\'p\rӌ|RY\\\&h\@+m仒?F\\n{|hu\n^q\yǔd\t#\\ZhJ\n@\\"\"\-f<\5^\\tO:\\8\\+\Q\q\\\}\n\\x\\_\sr\ri<vAzPi\\;z\"\^o\"GMڕ5sۑst=\\7\D\y\n\;q\Z\bkpHw\c\\\\b/\\.\\\餼\(^wla\.	\rg\\Ο!\"~v\\Y\ȚzG\Z\%Ҹc^c\'\0eҰ$\%%\̩{\β%\XqĝS\\J\SS\;itx*W3;\\ǰ\roκ\>\n#sMPm\N\>tS\8!7R\h\iVA~R\\\"7\S\'\"+-\;K\	x3[njssZ}D//9u.\\\Pq\xζ|GJ\ǡp^X\\\\\<Ea\ \f1@\\\O(eX\}\mps-\e+\\\\#(\,R}LoABp\\toDi{~%y\o\\D\0W\"[gHNI\ͧm,\;?^sԃUn\\\~hA\Z\N\"R#ћиa.\\E\r0z\nO\a\\\\f\(qxh<GOjj\"TD~95\"$/vKpVق\l{\n5o\\k\>(\\pb\\;7 N\\'[f\\F<w$\\Ez\_!*\s*&zyW7\ry#odB. \kM\\2Yq&jڵǃN\l*Km\6qW3\n3\\0c\npގЉ㯶\aQ	?K\o{n\Vz\\\\8*nGW!\vƇ\>uKu^D%e\=)Wh+IqRI\\\`ܿ@#@Hpw-gmʧg)\\92/\\\\qܔ$\\ՏD\\[[\\\0Bf\eǣ,kxSL]Ji\\\Zx3mJgrixo(\𓰅5\1\@ȫ\]P\\	\\!\UG\M9F4+\\\0Em}O\"^\nb\fiIN\\0kj\n\|&r6\\C\9AZ\\m	\\\\KҪ\n\Y6F\"\\MYzrZ\\i\\|\'Xu\ۄwd;ti\'Sv\\0_\\*\p!\l?&2\\Z\0:kW<gw}\e\tc\\i(w\",:>\lp۱#7\U\\\\bm E\|ht!uG\_5\"Dx(\*&|\\\ڒ\8/\t<_\6\2>h\N\mS%^ba\2\\\\\\\\I7%!b@\^̢j80k\G!!zùN\\12\n\\F_߲\!\\F\iދ#%]r؋\Cj<nute\\\MN\v懖\\A\lP`;}2d]}[b.&\rҼ\o\x<\@\\>n\^\<O@\\ZžbF\'	FlC6C(E\L^9\\O=;\ba-;\ߵ9.&ᖜȪם\\dH.]-\##\\N־\\0\n\5\.\3AkKhr-\\AAD_\T:\R/Tŧ\A-8\n,nƗ\\\Z)VCv$\8Өի\Vmk\0\%\Ю85qk%+\\\-\\k\GLVцg\\\\\!yx\\ߪjp\lg6\0$߇%\'Y\j\noHՔ/\H\'8\˽m\0_v2U\N\60{u\bb\'[Rv\\͢yRUd.0tILz\zK}֖:\\r\w&\;r8U\Fj0u\HU\zvD$\\\0\,_\\0֐m@\f\\6\\\rA6W۞\\Zj\Kh\\d;;ބ Vv|⒏(\wM\xT\8f\\"\\"\\a@?	clU\\\"*\0\ӎ|\j\\\>g\p&x\\[cJ\~Prt[\ȯk\5\k\j\Ǟ[A>G!]oJ\T	\܉Y\;w\\a҅/ƓPҌ\s|}7\E \O&\	99Si\s:dWf)֗5D_mPҒ,\}\\?^h\(a8!\0q|jޓ\\oW{w=*\<\&5x?6j\\H\{ąh.8\)\e ,\;NP\\\&fDU=ǵ58\\*\-\vp\r\慜\\\\\ܣ/m\\Z۳vj*\\$X\\s8\\n\r\\yx\\Tb\j\_x}4fT\\[{j\\\\FhUJڢ\\n\	$.I7A\h\5i]\Cx,Q0h>ͧ\nD\zI\'\_\\\\ k3cG8[@\\b\i\\aυS\\TMbL.\	\>\GD5W\?aҊp<b`\d\HCb\>\\5a.˗t\^\aPWr|l\qx#e\\ٷ\0\OwkE\\BH\\p3\6j\n*̘ƚ@-POR0XI\rSTx|\\\\\\$zqߖLw\˖O3)#ufZ	\2\\\d`% P0\ q\>lO\r$v\<Oo>>d=ECd6\)M\\9\Z3i\;,\\o\cw\5(uE%\'$J\R(\jR[\Zxecp*\Np-#\r\\.l]%N\9g\\Y.\07(l-l6\\d`s\\[\AUʌf~A\ӽ8`N}RivCDm5@H+Z<ŗ\nOs\M\eDc\Uf\m-\JZ\p\,<g\_\\\ijfV \"=8Mn\=\q%Pd#T\\\\ǯpY\\Z\\"O/~x+\\\s(\ΥR\\-\q \\ƎX/uz34\ZLvH\\\O\\\R\\\0\e\\n\z\۰\sk*\\jEӵ5\riCUjމ\\\\\\\#V6ݎj\_\Ai\\֏\\R=\h\	\k\'\\2\Z%3)lQH^`\`k\UkYat{w̜&\x!|\\#XUH^C!&>\ÓHV\v>\LkC\"-)Cڥ@\p_5S\22\\@\svR\\	\Z`qX>\bViwUBFGAJ\\C1\6ЏSYpxt\";\\H<k\).zelb$m\\jt\e\\'\'pM\˶ed#{$\'B\"\e2;\Z\0H\b/c,?\ՊniUBAD؞ߢ|L4 \nf|;jD:K\$\&F\,MOx|DJH\ֶ(\{\F&M̅\	\ױ^>\\"(o\VwUQg\\\0lq\\BdQQ\?⨀]?|+#\WRN4\L-\\\Tm\\\\&nT\\\$󳋖3$-`]\\'\!bЦz_`\\n\pΰJk\\rM\us^&M.E!\npw^6K@\vNV@<=[\{\iw\D4\=d+ܐ?*\ɶ\\I\+5\\\b֞\,#Imq=	&lߍ\,\\5Z-k\\\W$2k\l4,4\G\nFT\#\X\EI\2,A\\9&쪸\"J\l3\r\0d\\g\4m03]\0E!(X88\T\E)*+f?\[	\V\\\"\%ЎaP/ɯ`\yFY Ƭ\5s\E%\\s9\\\\9\Oe\\ß\\\\\FzkwGU]{\\"~{D\ȵ4\b\\\=py0@\]f_8G5L\3\n965z#b9\=\?2\\\T\d>O\\Ta[&*D\eɖ /\\\\"+7A\:\\	\[\s_c\A(sGT5f^)F}\'\r\"pvűT%,\0=C\~M(~&ZThQ/jΏ\\laea$\|[0+\\m}\\.$y97F2+jӹe?XI%\\0<ێ\xG1\\"=SPbV->r\\Fy\\@6\GϽI띌w3ݭÔ|G}\u\/\\\<hQ\j?`S\Ù{[nsL\\\\_:\(ȺV\^\\\|Sῷm\\ߤs\r*\"@o<t\85]꣊g\T4{#\Z4C)\0wZx*\0v\.m\n\N\&rBhW\#\Z9ϥ=\\T6;Ն\\9Np\\\yb(\nIEkyxu\\%d!\\hˮ\X*w::#CڬVD\'B\sYɵoWD޳\no\ZCRk3U9\>>F-xR)-Y\\'5q\Ti(v\`A?;!\9\0z*YZ:<+\U\*\\r2DR x2ͷԲ\\] giNpl=#_/\LB:2\'\\\(J\^\Ёal?O\\\_8O\\RBZ/n\\Z\6g(O3Vpg=~\\\\Z!V=6rW^\ҍ\A`\>\&GS2b\&\m\wƠ\ny\i\?P,\\\G?NM}XzsFcz~\\q\>1>\.0\ F\k\Z0/0\\C8\oZ\?o-\`S%\J k\\x=/y\FM.	\\+;\|RR\@\9Q)e&=PR\rZ\\:\tt\\0e\"neͺ\2\wOW\ј\"aK\nwi6?\ZQ%<B\\¸)<vD`HX\K8^\\"v2d\\GAIl\\\\r\E2oA	̦<j;>\T(\2i1\K\\".¢f\#\]*j\\ٔC6ęX\\\6,`Ee\\D^]7`C\$<\\\nm\\tkZo{\n5\\\\xĀ\\j\湅^\'P-\"2lX@?K_J̶6\:\<0m#lo\\$n\v\g\"\3:\8}\l2[T^1{T\k2RBi&\\g\}\"g\Y8\\ZQZM\F\=\\lqkY\\0s\x*ZH\Xѣ]kl3\\>jpH\&\=[6$nGPqh\\J\@\0VjeR\k\nb%&u켝;\"P#-\-ۜ\nK\\\ր\\R7>p\C\l|ܣ$i-T-Z_c\jBE\>\0\0\\!\:x4.V*\(.VA\.5S\\\\ ZI8?\jޔd\Zub\Z\07\"π­U\6+eTL\A\w/\\0\\0\o\HtY˼\\^u\z7V\r|y|\x\\܂H8u\'\Md	0\=Eł\R[!`ydL,C+\0̀E@9C\'\\\\\(׊|GjG\^\Z\\\Bξ3p4J\cQa\K\ \o\lI\Z\"Fҟg\'6/vE31}a8Y5\Ʋ\A\/\WMꞯ\\\ĖZĄt\#VQ\rΰ\To2pƍ9qɭǺ6\J\ns\\"qv\A\sH\^A$Xw28am\'1\\\'p\`\Dcnϩ\\҈y\"^b\m\3LY\im#O @\\n2p\"K\\0fԉ\Y,_F)c\LH\\[5\\\/R\\։3T?#Z4<\:\q=\\\\\kF\\Z\{W\-Lu\rm$%f\܃a3\\\2^ɮkᓖGue6\\ߍ>?\\/\JV[ <媦u|\p\.\Qr}%\f\;dQa\\H\ZSqWX\I\n\\\l\`0P]\m%.\\\}E:\t\lQ,\\\*\\-\\Z曥\MZ䅦̯y$r\r\~Xg\\4vT\ث\z`a5S? e<\\	\1\7 *\\\D=;ъQ;8eUE05\V<XL\b`\ .{\\])\KG.\ea\0\\\f\r\ns\E}$\r\\'1\s\\\RBLZ\7VW?ǃ\n\\y\-\\"\v\G\\oC@\Z,y\گp9\\\t%I\\-\\^\\\\3SAJ\pD]pMP\R\Dh\UM\014_\;w9(JG඘chuJ\[{!\Mre\`^\m\Y@\3-j\K\L\#\TK\j$LlkI~\и\n^D\n**-\,\Pns\w>Hz\HDOs\rK4N\es\xNY(G\\\\\y\+{t8\??\\GWgE\\UPڲ\݂%kpwww\=h \\%}\\s^W^\Z\_ӝkN\׷i\T?\bǗ;s\\Ǫ\U\m0l\pt#tdz$[!rK\x\šo\%ޏ\r+|8AK*7-:\\gWZ\)^GզIu!sqC+[\VF@w˼\D(ׇcԂ(Ű:uȦ\u\ 02\?+bѡ\nɊ+\Q,P\X$$Q۸ܟ\+FE\\ѰG/\G\\G&.-\<,;\g\JuhM\\^d͓pŎPKA@I^\nW\\E5H\0\\߮aHAcg4L\\p.9\\\l\`ҳ1Ou\\L\{@˕8_d+	BU\\'$[ :m\\'r9(f\\</^Lg#%\\\\t\0Ju_(hh`\\Tq\\Z\iv\<k۔3OG\Z\@\%BA\r:l	\)I!\0\)\\\KB\܋IL\\6Wl/-\1ˢg*㧟\1V3\\S;͢p\\nޥt}VKM؞\8G\n\\Z\n\\\\֊\\y}8\\ֈ\:Zk%ZC=6m?^\\pusj̝Z5i]\rU\^nX鷢uϵpk\Z@\n3O4K&/o\^$\0\\0{q.-`H*\\-\\Ttr`y4P/ҩ\l\\{L\'\\rN/*2fŢ7HQ$,\\T)#.TH{\n\\ڷh%\\^ᢌ\ݦŧI\DR驆\;qK\%\\\N\\\Ӟ@\=n`NLKS+~Y\!|\\\\'RY+$U\\n lHnO}&bZ\T\Rd{L[ d\1\hϚ:nʖĆ\`1\\\	R\7\'P\Ӽj&Х|\zvB{8Fב\;r5ǯ\G\\\](?1Vv\0\(,\Lܵ\~릃\\0qC6}\W\~_O!Q\ڸH2[r6U\8ݍ\\E\q4\ m5?>BQ	cg\Eձ{y\UH\\Y\x%f`l7\\EA4s\iU\lq`\AEEbPvbHO\9\\!@s:LKtE_ה\!wnk94`[\\vE\ǽ2\I{4gn\:)Q\	HO\"m99HAqͺqR\\Y#@\\u+w&^O+QO\N\Snqv:3zv\c\Q\,x0\\"I2]\\F\\A9\\Ҏ%_\!\T0-\b\\FGE[W\;򉀌[^}\!8{\ۺÚ\Jy\\J=\ϵ_øۭ3\rf\\\\a-2)nO~\At2\'\\;y9%X>Ap#<\0\\+\T\yǬ\\(\iNf\\\*8DuG{JHk5R\~\^h#>W%͙A8B\u+n\)>kI>\"\y K\9)dٮ/>\g\+\qJ_t\>\%-ӥK\"\*wA.,h\\ k!4¿yCܻ[]\\\\\*\ew\+@\/\z\\~\^gF\\i5\\\<ӊ\'T3\\^BA sO]\}Vޘk1ke3P-\EcuOh\0M=!,\h*YO\\\\r\a\\n\Zk*Ķ@\ȅ{#\\"\{y-[}C\xr2\xM\\.vbo釰$I\M\"Đ\_\i\V_Ř%r=Ƴ%\"?(\\\\\]\\p\^\\X\P%Z&_\\6\02Q\"s\ڽ x(\Zۍ\X\^Xc	B\$qy^wM]^b\ٞ\-?%$;\ZbV\\@1J\\\&Y\h\PAɚH=JG\\0z\1b-\\I iEB\ɮ\ّ,\\g\\ٝ7?G\\XG \"\ W^-ur`=U\Ir*\|\r\\\\!\\5u\˛.\"\:g.\ ڍDsl\Z\GQB\9{~Π\rmK\ķ}V/X{\\0I\\\rO\	]\ԍ\Ѡ\0ޝXrW}mU\xTKb/2(\ZI\mN\+z軈n*\C\Z+H\\ZD\2Nā\\&yqEd\]\0 k\w<Ac\\6/esZ`\\\+BcF\Z\"qKК\m\[\\&t	L\\/MȲ\'(3ݹKq\%c,XE\l%\\[4Z\ne5@\viTѪT\b|(L	Ջ?%j\ua{ڙ/)&O%UE`q+?1Ud:mS\\0\[\O]\h\lN\'Ң\*\X2h\\9_uigL\\\"fC\	$2[\;\CNG۰?%\	oV\Z\rׄD\\풴0\3,IT\e!m7H\\\}#Oc\r7\\m<\d\\\6\tg\j춠K\l^1\Y&*.\\X.\:\O(	GL\W\nT\\fx\zJ\\\\kEb7oF\bsi\r\\~ǚFbԲ\\ɷpaoWR\':R]\'Fڌ|\\?3{\r8\\Į\-=\?ghB\ST\(z#6{X:/\*Hԙ\\\E3\\\0\H#\cB.߯\\\\Z%\rݏML*\<ّUo%\5K\z4$\\n&uk\\\.8\1\M[Lֱ}/\{~ĕ]H\\X	\e,S\\\\_>of\\\"SO\ic9U?\D;KZJǅֶ\e\\"ݥ;XǍ\%ޮuA3^\{W\\AW0KvurK7\\uw\=\ʛ:4J8\	U\!ܻ+\\ &*\4\v̈qgz\7΁\'2\\'3\݄\\y\w\,1\/}rp\Y3eG\\G1\&r\\Ez]b\j\\\~R\ =5b	VBS\/\\M%\I*VL*Y>k%^\M\\\Z\\npv%bW|qRQ\rM\\\CS]x-\\ݛtgja\X&˵ic%\p\\K6\Z,+=m\v8_)i1$dGI4j\++ȗaT\ F\dkC\Z\l0CQXO\\뱊8\<\Q(/\U6\SyOm\'gʤ\=\ц\K\q],\e݀\?aS~=VEpʆm`\c\\(Ao\i\\aA\Z嫀7lK(\?\\\Qϱj?܋wA\@	Ĺ\ҏR<bHC3	ٲ\د\n)n}^*\ n)m\\Uo\\\8-^\"\	f\}E2Q2B\\4\ZD\ЮC.Ł\M؝\4=P\.M\\"WO1\\pG}	\0\ZDޜ-p<߿(ZU\\}4A\:\\\R}\\A\\\\=\0|9\'\!\C\V~tC\,Q\	_\\|ݥ\-1h\P\n\̓\(\nus#3m0*}jҶȦ$\0\"\z\\ns߄Jl ΣG%$Ӹ\nf߈c\\ޔa\c~cB_k;\0w\nf\\4I0+f\ݪ\n\\{v,pN2we)V.TJ,\\\'\op4)\\\f\g2\O{0xyr\\D۠Qؠ`\|.Y	B\1O੠3\Q0/,U\Bo(8\Ƭo=\'\l(\\\\5pw$V\\Yo\u-\1\jYWjv?\\<ፇ\WW-7hG1c_HW\f6C\\\(lEkaWv	6qXwՖ$\\Zǝ$\\n s_tJ\O2\cu?ѹrsQb;s\׷t\xnpw[uGi\\\%Gq<\\^\0\\'\8(\PbPҖG`!Y<\aʦ\\Z\^v&\A\\0s`\7큏\㱤D|\nӜO.\媠~\\|\r\KEۃT\\W\Fj@9 _#i~~\\\[?d\<(iE\$]\\'R3qYsbΣTK\\҂خ[G\Q_G\Z\n\RO\naefw*\\(&\v\]Bt5\\e.S8ɪ潞1;[\L\&,ן\'A:.\K\?!\\	H\\*WK1&lv$:\0\_\eKE,;=Ow`f{\0s/SV\n\\^1\'|\ݑ\r _=_dh\\\:\'Q\=`\\mJ.`D\6\\9[\\lERIa9yT6*\է*;u.b#IF!\"\\r8E!i\#Oڹ\Z/%\5\\rRV$k;t#,D\8d\r#Q\o[t\\\F\\\e\r\\0k\s?r0BݎS\Cc&>\H\8z!\q*0\\r\̹g\"LE5v2*m\B\pp犣Vz\93)0ĸ75]-\"y.7\-,\\#貒Z\Wq\^\Q}.ON\L\0\Вp\Z+VXTzwLX\Ѭ\\":Ip\R{\"\\@oZ\\qa5.M;)0-,O`\\j׷\r*9	֪[\-5\O\F\rh+v\\\[sP\G5o\;UI\\.\\9^n\Zꌤ\\3Xc~!]iŪU;v\\$\\W\5T\Dsp9b,\-:5̧eCP\<\]/2xپ:7Aqwg\`%Ѻ-\\\7XQSX_f{p}>f0nd\n=\\ׯnT\ɽr\\xlqƎh\>\Ppڸ\Z+h\\\\X\ET;\0ڤ\	~\5\MDr\Z\nM1\PT&@,G4?\W\\\GlqFt,[Ǆy<F\$x;\AGZ~XR\̈́//+{\r,-\'\A8El\7?si_t\\];vpk#_-\qODX\"/TD\\kB\n;\P}\7\\L3\ݲ\l\\\r\v\0#H]v\4\\ ey6hp)uA\k$Z<?\\r4WY\n\C2I Wݑ\"FuOw\\xX\'	1nY\,<7zFj0w>.#.21GD0\?vMB?.m\7FTU\[\d~*_\\\Ȃ\:\K\r$<\f\=>\٦#\Z\#\\\%x;\\Ч\ÅV[l,ʙQ^>E\.\\;z̫\c\.pSG4.*\ɨ)\sr=2aZ˔4D=~D\:0q\uB)u\\"rj>\\0:\0\0i|\Z\ꀠ7\f\n\՜\fN.m\Vazw\\\Qyg \ϒ\-сv\}i~\,rQLo<\\8&$,\n1\\\\n-_Ge\x;q\籒\\&jd?\\\l\\\\U\6O1\BOƽ\*tw\\``\)\䠊8J\,\\fbE^aFKϻ剓S!j\\#j\{ǇɰmԽ\\.3\nMH\TT+deX(8\	Q3oc\W8f\{\\P4y:XqW\0f\:ީ%\c\\\0hl\\\Ӹ=\n˞ֲՂ5=\ z.K_hI^x\u<fhvFC!N1u]e\8Y{y0WA}Б\5;\\\\jr\0\\"\cg\r\0\\1\/<\0\n\0\\\\\?֠\.\nl\r7,\0gx\0 	\0\;T\Z\@\\\ؠ\nuC$i%\n=\q','ultratech-cement.jpeg','image/jpeg'),(3,_binary 'x\]P]6Hp\mq\'w-nIpw\n\܂{r~U\3\\S}\L\穞m\0\0\0w\0\\!\0dD\\\\ ?!\0	\\0	dĴd@ D\\\\\F@-\\\\\AE\LGA\\\\\\\\\\tL>\06<`\0\n\0\r\r> \0`a\-p9\00pP\\0p\\r\A%fꂈ\X\Po\0su\nNJ.\\\6o,Ҵߧ\_h>Al\0,<,\"܇\!\\40KBvڌ;\\0@߳\\0Q\_8ҩĆ\Ig\;C\\<G\\F[glAT,_=\édƾhE0S(\'N\\ġ\\Q>2?U4\ݫ\'\\n\XN?\'\0#\\\>L\&\n\\rYpKQb\+\\)\\\6\\r;G3ڃ&\"m~\#N;s\y@˶.W\4e\\Qǵq\\\"_uwz\FC\\\;>픉\\\\\K\7\Y\o\YB\ܓq\_R&\\'\xEw\})\+zzrƳ\/U\r`:\=\\B\\\W_\դ\'#dw\Pų\	?7\\Z\@Fs=U\_(\mN\K>^+BQ^fIng27\\J,Fwm\phcyaڹa-\\roBM\|6\y:xw\u\\Bo\ą6\\9<\,̯\#\l8\\9l^\P\#\i?E|gcO\\0$ݟ\'\=\m;C=t;\\0mg&N-xlKа\a\\\\#L`\\MV>\"\\u\=D?0\PX^S\.\f,T\\\O<RT=^iEYU\*4\ xeV-)h#]\\.zz\\9\\xJ *~ߡ[_\\4c~_9d߁Rarge~\%B\\}|\|:).h@Χ[`[\'\Q>HH\\\nq=r\ٔ§\rO\\'\\\^\]\\<tA{Nm\\RIB=Q\\̽8Ѯ\	\\4:Ǘr(l\O]\\\Ǩ}M%I\Eм\\mQ~E\1A	\0 `\H΂?_^tH\	XK\i@+\n01lP\5z`KV;\r\/0Fgdo_ٺkD/O\rsǴ5|\\9\c\ڼ&\m%V\K\"\;*7Voj,\r\Zl\(\ZdD^\\{dBX\\\B6kJV\!`\r\u6\6\J\/\C}UT\QTT7,8s\3巈#.K\Q.\Z\}6\D1\0~\>|\xI˒5\\H4|fb\H`\\N3[\Gr\V\Ô&Dr\A̖r\U\\Wiv߻bј\\&J`\\>/\\\"sY\1Ό9\\5\\E~\;7sQmK_\(ǣH3ޤ\\0\D\<ٖ\\1j\CԤ\rf>\kPm\!\\%6K\~\*7БYp?.gԅ_>k&A\,TJ8\M\VN\IDx8%R\7!3NDgu\\Y&?\\Gi\nWŢ]\ę~UOfxZk\\Q,\h}z˓C9?t1\%,/D+ÞK\P(3\bjφ\n[P.\wq+\,K{^\\\b%f0\]U\^K}W8\\=H0¦n)2nhW*iz\ryZ\0\Ky]Y\t\Z7~\\\'1y5ޥ|vGu\"o\2>t\>\\ms۴)\\#´\\$	p{\"4\Z\<;hK\rtBz\u[P\tdu\a\\6\J˗FDL\\\\\TLa\ӭ\\:#RuG\Ky%q\ py*\̋\'-6 OK\h\'\,Hl\'یkp\\8\ӆp\SbIѲߪ%vϞ/\/\<iG46\\aD\\\:sO~{\\g\\;\s\TӜ\&-W˅jb\@_\g;[hB_\]\Di\{F\HuL\\\D\\\<sk\5	&%\,\:}hWy\\[X74bmUzC\?oz)\k$J\\]͎ˬO\;\r}HRI ?j i\n\T}\X]\צ\g\e].4248-Eq\?$4~\ah\W7A4w?\'L\\r\\J\\|\k\D%YQ\\P\"\\\ೋ\D\=N0\'\\'u?/S(\;-\n:)t\Fx\\0\t+qoش!ţ\r#\A:$,\P\Lw _f\0xc{+s\\˵9ň\\B:\\$Wk\?QWM=H!$7S\<\ԳS68C^\t\raZ@) \\K\\.v:],bULhj1x|R\j\crS\\@fTpwWvR$q*\\C\`\?\\!)\w_4|\ue+\\\&g[ƫEQ{\|5J\C\Z5JG$\g X\\'#B\WsQ\}1\)\V?\Pj6&άq\@˰S|IeX;\A\\\SU\0Wټ=\i\VNͅ;\.]d\\sf\O8\u$\\z\\\#Z\\F\d\;gix{`B\ne\W#y\rHGw@N(i\[\\6h\-\l\\ɿ	\\\?\\NI\D7ɫ\qmWTF\M\pGƣ\G\,\\&6MV<3^ꆮ4)\!\\9}~\֠\d们.?Ə<\Z\\\{O\\-׌\=~41 6ق<oi\L-\:=:#?(~<2tkj\T\eGG=T\jP\t=l;~U笭,޶&ҦZ\ lUDP}b\wũ\'	/?-\\}u7<E\\45{t>%ԓWk\,3\D\\hSk5IE\*v\\\Y\n=lHj8״$:&\r\,(ҹN\p\e\Գ\Hb\\\f}ZpB\,}\IF\\-Hp\k*c([q0M)\yr\V\OQ\It2Cў\2%4\\ϵ4^qX 2{т&\\\oW\vt7\K\\{/r`7J\i0p\1%\ywϔCc\r\odWYvORo5~ލIJYd\N\rVM;&5Wx\\Cp=`oܷv߻ZmĐ\J7<\ǁ\\׀6wm_\\\\o\0*.\jɆB~aN)\7Rf0,\\\y\\A\\S+yr\\gl~٠:,I\'\	t-Fppg\&pjQq&<\U+?Ɔ\iL\\:\t,\\`(\~Ѡ6z+\'{;\ݯ $]ΎN\?\*Bx:d\pw	\a\,*\im=:[)lYUr\bp\q!+\\C7	%W$>\x9\\D:]$0\?\0*Q\K6Ǹq?%i]z\l\P\\\\ہ\D^dg\\zq?>\n2en\0Ɠ6\T=IoɼÄ#إbK{^\zHst)6S\v\L$=)=&`\Z^D\\<^\\D\O\\\36X7)w\"\~RM$-B+\2Ҝ!\Y)\\a\\%C?\\\E\\JL@D\J>Y\\\Kd\uP,R\n,\0\h\nB A\'X\\_Ē^\:iȡ\\w\n\"D|S_f2Q(|6\~^EMVB\e\S&Ӈ@\Hv\ .!\=Q\>j\\**lnk\\rW\QG6\\e^P-\)a5HMύ\F$\'jE\B\Q/i}dl\Ĳ\\\Z0?&Wm\n\0\'\~7@l6\\J\\7P]\\ߪI\\^\?I\Y\?Tn5l<aK\\HdD[\\۠\5˭Pu\n\2<B*\<\\]!p\\\\.\'\T~[]^\S\"}\QX\0I0V,\B\\|B,xq,gS\ܾ\6\\zb\r\\Jq\%\,*\\Tnw\^6w\\c\rfa\#\$\\HK8xn\\PTp\\Ͷ5\ަ\N:	F͡V1س\4NH\\a|K\iM\y\ZfG\~Q\Z.W\Z\J>\vele{:!TzM\\0yZ\YsqKi\0XK\b\	<a\Z+\\l\~	\$.\\z,k㭟Rg^-͎Mj<\U\Z\\">1]Ꮸ}._h:|#\TqU\ü35!&ߩI{F#w¹$\\=qL[\Z\C\=\޳\;\+|J\A.\ZF˸YG{\W&Z},#&yLٟ:>ly \\qXb\'r\\+q\ԵvB\\Z@1(4qo:\\%Yf{\ydٞ\(\ޒQ\B\Y.\h-\dݶ4\\3\0a4\>\MQ\7zT\,Y4\"4\H\һk\\+\\r\[\0\g1$6%:Lz2.\NL۸|\ţMЗl3Dfdm\\\?\\H\"iԓ$DYk \d5D{(]+I%\TӂYjMz?mT9\2YPHR\\>\Op/%a\5\s-\\s\1<Jewg\\Z_AcDIG\&ʒ \&\\\\(M\S5\\սX?\٩\<i\@Ҁe\\.4~cs	\\\gxOlYk<\0Ly\~~\Ǐ\rLV\\\'z`f\\\\B\)\'k@3r\\\\-T\gإ\\=>̇\\7Y2\r%U>|Uȩ\Di\nGQ@\r\991[E}﫾;^|\h,\=%kp#5\2!;p\\@:\r^ɃxW,\\\7\E\"9\ҟ.xԣ4\k\\w\\Zi$\#u\К)ZzI\`O@\&<\T\cJpʖ\eM1`E\'n.&Jx4\H5\mU\\z\)48OE~$ekm\5\PJJ˥dNm\KBe\=-\\\&`\gιfB\}L\\\a\B\0u\OOx;\\C\\\fw-h&\L݊^\H]\\}^i)\Yx]\\]\+G},\~naYW\\0\NV\\f}z=\\\Wuf(F4s{L0v#anUCJ\\\`o2R#uѿ\\r\m\vArP=rHȚLȫ\\c\W5\MhRr\T@O\ʺTîu\7p@TlR\\\~*\W\\\.ؠK\a0\B	\C\3Z\|z\\\bW\\rr=\\\\\Q\,Ż3\wEK\\W\>\k\mb{x\\\g;%(\\\D\\Cd޽\2\ \Dƒ	\'xGb-K\C~&x\Z\\ECr\\며\]&kb\骰B\8YU#@\\nFg\ueǟ\j\\eYr>=yA\*X\F=ZJ\e\d\\'&_\\\9\O+{\"\湂\Owu\zCwϷ*27o\jNI8ό\#\\W0\3\rm\c\U\rզײԉw@C竐<\0\\'%\\\R\w@4ʢ3\f깨g	Ã\\Xy^I6ZPoc\A쪒=^Z;\B\n\\JTL\#[gt>7\?sE8\36Ir\na/\qoa\7jG\\]q5>b\\ZݠJz]\6\\P|c\Խ\\%Bޫyl\Y;\0]Jp`)jB:sUnzKy\\A8At=拽h⍙(Z\T\q\_.Fg5E\x:\xCԤ@nWR\6\ɘS4E\>儸5%Ꮫ56\\\n58@`\g}H~c\'\Z\ZF9d֎8H^ò9wwqnㄠ/NkoͶ\FV{yJ;o\\\H\	BV2E_ݟ9\"N2a9{,S(s\#vL\H\saXch\ZV.\\U\\P{\0HB\\\^\\\\8\.׆\紃CX-Ss&˔\«/r8a 3oa\\43YF-\i\^xC\&|_\{\ \8\S}J\\0.8ݕUШRc~.ǌ\'F\"*O\,\rT\\e\Ad{\'\\"0KQ`rSٵW\Qe}}J ŕpuɈNK&.Α\\;\Y\\GGֶ\#\0L@\^jB\dV\"W\>\\چڌpR%-\:6\nCCL7ſ\I5O\a0JQӢN\n6B\\n\R[@SCC\/V\J\M_Lw_`3*e\rGX	zX\q\גJ\ݘ8\l\5\\df[%@.Dw8/\Q\~z=Q\HkɓO,q\W^\\H+\\no_\ɰ/~[\smΗF\\d(\b`(\\}7\	\_\\rx]aM&>(:_W\Z\[Z\S\\cc\0I\\M+Ip!}\G\NNk\n+^~L--}\_\׆B\v\\\V+8\n\r$$M\c	YM\\K\tp!e5Re\}T*uٱ7QJcQj\i5\Z^\ѳ\\dS?iN\\g\76Z㣷7a\KO\k=0\rS\\(]\`SyړXiu<GRQݳ6N\|\S҂,ɣ~PBȬ\*.%.ٖƥ\Е<@ܜ\qnd\GG5\O\)\"2œp3\`\\&w$\0<Fq\^\\ʓ\0r\$\5\'\f	\swPV\;\'\?L\\lb]\'?t	\a\C\XL\\%@\7翔!WC|A\ \}\\\\k}T\\!cͲr\)\t{\	&Aƹw\\Q~a\%Y\\XTȃc.\\26Sڡtۦ^\\JqM\"\Eܐg+\\¯\$h\C`\\-9YS8\\+_pb\r\a*+a\PVKU\\Y{\T\;&\\\Ew_&g\f\1\x]$ݑ\\NÊ7EW\"IYq1{ݬɺ\\\Z\	<\k\'\\\mfe[x<ʖM}F0,ׂ\\-V\a\VZ\"gW\\)iV5\Ώoyw\Z1\bm\<\`\<3w3\\0\\pD\w\0\XvJ\]ѣ\y\_TK_eE?Z2vD5\l%:\\ܘ&\\\Z8~Z,ʿK^s\r5\'\=1\x\݀&\"茳\r.s?oQѝ/40r\\5#0偤kݐ8}דX\\{58uY\[\g3fNO\D\$\ĤrfVlzK\X%VzTLM~\Z9Y\*zp8[|M|1e\\Lg5}<\0b\0\kh\\~\|\r_$c\,Ud&)(P]sշ%F>\t2%\Y\t\\D`N)Μ\^ٷ \nҭ\ʛ]\h:ByQ\88Z\ʖ|\\"fA1zc\UYtZ2A_\\\\ӊd\x\6K칸$ԡɂhĨWc\l/9&k| H\\YYn\q:%ttd\h	\z\\WQi\	.9G\"6\e\9\YL\\r\Lkmy\\Ђ\\1\S8\)cŉ\>\z~<u\OơX\\Ih\}f?;Pk@ˀWc8B\k΄k=ܕ0\\ns\̾rw<5ð0¾\a\}\h-f3\B\>:&,\0~ \	dkKn\8\[Jl\In\۳Y!LR\'M\:\'\|;v\؟\,\v\\\08Q\bԦum\5\xJax\H}\\L\\M-1б7\0|k\\J\\ͼg@iy\M\#Ǌ.\\\ZOy\\\m%7>_mHvr\:}Jͺg\rUj\K\vlͯ\\2\{ṁƻGCJ\\0=[uj\zlFM\Z)&Ǔ0M\L\\en,O\KS]\r\u笷\J\5\E\.\n7i\(w:׿ϡX|	\:kt\/\\\<\1_+\\HզN<C\\\\\Z\l\#\"\>CNR\0\\N\\\Β\Y\A\h,#46B\\nB\Ƀin6»\\\\\\č\r\\	\0+d:h\v\lႂ`xZ\n<\'y{\\0\Bo!&\\'\M5O!\QCI˶\pá=\Z%\$THI_7.\m\B|0&\{\)>o]=\Ew7\0l\Z\ZyL\"\\\P2f~[H\\=m\\1V\l\0߬jL\DP&\0#,\\A=iN0\\\\0]\Z\\N\R.g\,ei_\\؂n;*Gƿ\"6Wye\"JQ^\\\\0*\n%(5|UY\n?\RojR\{i%g\\$uݹʳ+\/l\\ZBkIt\\\[\FVMXn\"VZ̜\nn&>\u{\0\	eC=\[@\96\Zy\\\\\;I\56\W\\88\VZ\"\\\Pj&IwOֱ7\?%\MT{ 7\\2_v\"@ \\Bv\{\\zoY<)\\\n>\ \\/\:΋$\$byr<!icp0\|\\Dw\Z\\r\<Ae\A[Q̻ɬ\w\\\S2s\bQhWZ+\i\b۪Z\\\FGNb>B&1\r9a\|͠T͙ܟo\,%\\QRI\\/N\'\T[z M!\0f!yP\r\\izBA\n)h(+`Ahu3ZW |,\a\S/ֺ_\\ڒ\.Os\;#\9\0r\Z\4ڴU\Pqʯr\o\"w^@>ݤ\`\T!u\]\P\Uv\]\ \UkS:\ZSPgumQSq)𡌣\蒛\-y\\*#\J\^\՟\`qu\1L5??Fk\;C}dG -\G\26my},G^(0\$w׶Va^:\iE2\~x6LSpZ^%eT:$`+\5|;$\kh\E\BU\\Ęى`C\O\n#\-hGV#\rr#)6PQaS\\\p\\\"a\\\O\UJ\Kt\nz.óxt\zWS\\\~s!\\jGY97!;\A\fPy\ZmUѮLfi\.Z\'r\8U/\vS|G&^Xu\5\OyZhCR8\n^\rKl;?12\x0I\Z(\\v\ʥ\WA\ZKi\'\)Ϝ\x!\2E\\"Ίv\;g>5tX\\>RŠ\М^Q\\\n)[\S6eF~/\P\\ .穁3R?i\?+\1\\ua\\'-\n	@Gm\\]\ZR3\yH\^AQ\)b<\\\##`z&T0R\n6x\\|V\&nVM\V\\\ı\\XGALb\MD `\0\]e\\]\\A\\H\\x)\nMZqcҾiMl\ߝ#\ֶ;53G\Q\'FYOcZ\\\pf{nI3\Ex*\lk%\r\,%\i\4^H*\r\%a5;aa)~2aCa&\LҰl\C+H\{؞j\g4P\}uViQ3]VQ\Ӟ\sգN%)Oΰ\`.D\\*\\9\K\oya9r\\nhgTī\\^j\\<<Ͱ,~n\rM%\Mq \\{r\v(WRG\\\\yaTP5#Ն.B(Z)	&\rVc_\0','ambuja.jpeg','image/jpeg'),(4,_binary 'x\mXXT\\>C\r%) ҍ\\)4*\ݝ(\Hww\\\"\0t7H\\\w5ϳc\\\z:笵ιC\-\0x0\0\0\\\\040.\\8x8x\~JOLLOD􈂅=1\\\'̬$O |\l|L\ LLL8dxxd\\\\\=\\~)\'\|\`ܵ\:0\A\7E\\T%\H(h`\"\\1\Q1 $\0\\34Bq%[0\r\[߈<\v\\mD\\"+*\IE\r\sCdd/.Fg\\[BB/s $dT4\=\n\r\\">ʓg\J\\F\\rsI(,\\epE\B\\\=H\(\\7_j\0\\0Eɚ${Ba\/R?!\\+\ʺ\\\䡯XGJ֕#S8~\]\*]Z~\P\;ɚwJ\j\ZE\*QApQg˼د\0\\S;њ\Z|>4qW\3p\"ӥav\\\\\}Kra\7d\uDؿ2p\8eu#\\)ʒ\]Ԃϰ-߲<\`݌}>;R?\.\/m\_ҽQ\181EU\\rC_|g,+ZD\0V\\Mknǲ\r!gYjW\z˱f/\c\\\\\\Hfx| O1ۿ\Z̞hk\\GJz`0\\&\V+jPu_\VJ`CLT{n0H/I\\%=AWea\ԥ\̔\-*\Zy^bC\:YEYߨ)\t0\\nu\HOTV0\(H9\\\\\Ǵ)5ܬ~u\g8\8\[\\\GX!<v\|\wD}\_\\?\0 \?hbG4Ii0}]ڠ\\O=GQth\R.\\08\\b\t\wjt$\?\Z\\3قc\/\+zmnrSw \6q\\gq!+ϰ8w\\v&MNJgB5е,)uK\\JT1K\F\v\P#\'%7}\rm\|[l}R\Bc]S[0K\C.KL\.|\\5g\\\iA$lV\ד\>ԑ\Յ\l\r]\\M\Z\!T\ ڱ+\lTc#|\s\pF.\\\><:e\\eqAC\\*5sx@qJh\"T\ L%cj\g\I\\-,r@\"cXv\"K\Y̡\\\\Z\&\n19)=P\f5b\fOE%Mo;\H	MMj*\\X3y&]Cn\>t_\\Q1gr[F$rR?\yL\e&i\ns\'v5I\\W\u\SU\{Ycտ E,c	ߖﾃ\ϙ\P\n7 \`\LD[z̉\n8E\H}V˯5\Zs\rb铰	o\8n\~\D(Pxg.7\4ɐ\2F߇\r3\qzqziF\\\V\\h\\\\>\X\9\-WJ\x@y`Y\]r\\\\|\\nh\\fϦ\\i\&R9\\tXs\\\1S\\yXg\j5\/>\ҦWk;\:C\k\_%%JN\+g^vHdUΞ^V\\"$9NYr\rҖ\6-TI$\%.?%\f/P\>+)~6ە\X\|\\:넘r\XR\\0\*\d[% .[fɮlD}\N\}\\.G4\G\K&\]\\m\o.~\\۝\kn\\\h\\\!+yKRuur|\5\p\\\\\\\i=7\\Wx\\\n>Y8P5\2\+&\F\\\F:\*\@σo̴\\O9\\5u\\'@zB$\p;:s\#xKC\'>UiZr$\PO/x&:2P\fuW~\dW7]\\\Qx\in8\5Ip\bO\8YMt\rq3RNl\y>V\C\Ի̓\c\r&\[̛3\1\\\?\Ő-R\cX4M%t!Yu\S5\n\$a\"璴`Xl!1A.(SEP\$Q&\\~쐈\\+A}\\o$!R~\Ȳ\&紅\zCp 7oJu\^\zhi75[\iU3Zæ6H`X\)2߉&\j\\yd\\>w\0\'pƐϖ}Kͫ\\R\E;\ȶdt\"߉Smg6J\a\\\Z-!\]ce8\ʹ\B=7\%AΩ\˒\\\F\j}*s\e.\\Y)B\n\\r=C8\\\\5\n\\r\nt\Yա\rVf9}\ΎonUq5j7\TCj6\zI̓\\/[Q\\Һ\n\V\\S\eUQ\\0(\H\~1\\\\A\n.P5S?\\gLQW:Qw$Fo]k}L1\\rZzO2\De_\&\\9/<O\ab. [n4\&;r2\x\r\8r\\*;z+	mX+y\"\n\\\2\G,=0\r\gGz\a\\S\P\FXzpt\>WP\\v\VP:\E\\degԭ>\U\k\\>x\0vz\\\\!]\kM\\.f\_k\'\\)g\4\\4\\\,;󥲛LYy\hԎi-\d\\\jnw@7TJ\p9ר+~fljr\\\\L^$e\r\#^V\nGNr\\.A3Ʀ\wiEZ0(,3jcV7[tʕo\*eIE\cHUM\\\\{\6jR\rx^1\!o\\9*\d\w[A-wZz\ە&\$\Z\ne\'	D\\\.B+o\\\\r\'s[\'\hT4>:pg\n1\#*-\"#\\\s\\T\\؆F&ZUh{uWJ\햬,@Pz\>\J\Em\\\`7\z<ummqƹ]\v\v\W&\:4.\W\\\h:?V<.8g%\*2T߈@!%\\`fFk|V\\rH!)\e\\rW($\TA\CT\rB\\\6\ \<\#6pǦ\qKĸeuh\Bu25 \n.丈\	+DF^i\'6r	\\5H\\՞R8q\(\\09y.{\"Ũ`u]j^h?\\nLn\Qi\VC\8pȣ7\iՍԔ-)\4b\3\\/ϰ\{X\\\Ԯ\\"߂jڐ_X=&+uW?\g,86\`\\	̋\릾X\ Sr\2@lE-;U)wʕ6eY\\z܌F_\|95p/.N\\\I4\\B;|d\\\"?|\SŎD;\\cv}\\||gX>!\0\\Z4.s_\\\}ꢛ@{8dn˼\rIw\\ZG\nM\~̯-\@Y+\ǫS\9\\);\3\Α\'=xm\ap\߫w\Z\\\\,l乵hz\\H\fWIUG\tQM\qD\+pKeU\<f!r\\-g[\\E\\	S\n\8<*y^Ҵ5\_r4;сIRl\}QT3yg]^\\Z\.87}Zi*3ˬ\=X	xcU\귲\z=W\\,\'`&?\\=}\\j\\\V\ܛàQW\n7\z3\MA\"rS\8\A\\S\W=MIu5u\?\79\.\\\&~<SP\\l\M>\"U9[\f\D͎p#G\\4r\~Tr?skkO2\\\Ub\\U-Qn\\r\v}U\B3[.\\Z\\ɦ\}wAv\K\\Qb\\0T܋AbY|`<\0I* Qlw\\'/a\\{P\(\½¿N!,.ʲ\=\\\aiE\\fR\\\Ao\\\)~;`\k5\\u\\N:Ϥ\j#F\h4a/O\KKMy\?!\؊>zN\`%\ {s|\r\\\g\ig\,/u6\Zjb\AҔV+\܊Wv<\)\A<BN\\\c\\|*ۢl\~\⹟NV7\#vyZ2T\J\d\H?\"\0T)p+U\\{khMioJ^\M\\riYc*C\Kʏ<#\\!M?\v\bjΚ\z#Ihubv\n2\rB\϶6_\\l(q*CyaռrY\+K;~\<\r)gQ^\#]0܌\<\8\\[\\Z;yn{K0M\\\Kp\y	(>ܖZ\Jvkjɩ\)r\Z\%uX]4R\,ᴝj]\uNTڰK20Ѫ\\P \i\hW-7i\r\\O\.i9)ge\\^駴o\"\?4C\\D\(\?a;_Ly+y\\\#D^\r0@4۱_3\\?\ƿL:\n\\\*gv\H}.fi\\l(h1¼\357׊7\[9jUy\h1hT\"\\:aQ\\\(\%댻s/\\<ec\SD\\:\\0\k\6J\5׫۸G#\7_LSM1KwEh]A\qxF\\[sf;0i\\\"Z%\Ȕ\\	I:%K/*UwjMR\\,-\\՚ܵ\\Ks3u>?\\\\UH\r$,\\\*9\,\A@x3]\\\\4}דSZQ\	ɸn\5,\\\b$J>\[]N\痮.G*9a\\\\B\FM8FeB掂V7\\x_.3t\\nL\o%\\PЀn(%\8yLGlL;\ǿ;B?`Q\V5з|k\pA\=\f\Gw\nvʁ{G5ZZL\)sd2-Jqm]U!\躿	ԜR\\$jy\\Y\\6`\6C܇e7+i\.o5J$W \ b)B \;˭\rm#3Z:ҩL4`im	Yue\\R}jNr`<h]uk\P/eOe\\\P}G\ I\"<4Kgǡ㸾a\~A\37~\xDJ\0ò}zZsh\O%,U䄫n\\\\Z\4 Y\rڢ`\PC`߽Bo9,d\|B<\\#\b\\,)F\SԱFW\ZY\\dfM\<yenk2\\\'vfw~\in\^V\kHs6GN1\0I{\\$selIv\v\BiC:vC&\>݄ޖM\a\9	\\儾\\x1/9\lS6>Z\"3\\3\yg6ѪoPo\F\Ym\9}HaS\\ #\hn\sG=k?Y&Oh\\x Ri\){1	\\W\P64M6+H$R?Q\8Ўs\Z9q2E\}Ļ2a5p\h͙C\@0\0\<o\Ts(fܣgȆvL\m>5}ڼБ\z\ired``W[7(G\yGld%Y\ѥ\\ț\rH/\oZ\\z\YZ$/\\so\)PԺ1f\PO\DXQ^\\n\(Y\'\㌃1r$\\G~\\	\_}oDW.BYbL%CwH)#\\&\@\\G\zS\I.H:bu\$\\\rMi3\.\aU\T\\\/\J5q\rUu\\\\0.%zL\\[ۼ\\\X\@\0LB\\St<`\P[h\\`R\>P\s\n]K\\\&\s\"\&\nsal\G\0B6p\Ý\֝6ajʠWH~(N{]Cf#K{s\q\Z¾0V9\\H/\z*Ʒ=P(j\Yu|[˸b\nC\\S#qvGܯb\F\<TQ\4\i \CM4vI(fᆍ\\̸J bѝ<\p(\%˘\V\ƌ6\Dڰ;u{@\\QH\"t3C\toGoƩ>\"qW\fs7\\=	kXX\\>ɎP\\[\\n]܉\u\\Q\z\\"\\K\ڀgUx)\\	=8nΟq\nJ\	\Қ\ziXP}X,>\mZ)\rp\QFH.\"\\>5 PԜ\,\0ȥh3,\\\_M\MW\\;\)HP\\-tW\-\\\<\M~\1\l<А+P\1zC\=:ގS]w^,V\#\AMQU(\\v\P\\\\wE4\\5c\=e{\@.\4;\ i`G\Ak׈wn\n\4ܣ\\\0>\goG\Y_ziw~\TYSHW\\1\\Gxy\rs\5\(-AwqW\\?\)=z{\>3\sN;ȡ{J\Ր.\\(Y\׺dq(\u\?(\Ę#;Ҳ]\\gbZ\z\Y`Jeh\Z棤V\i@$\a\Q\v\aD\|^1Mx\W2Y<jB\	\k.oЧӁX\#5\\\\ԃSt\;\&]\\}Oxh\4i\;c<cGPf2sг,\U7x\\~}\rdԡ\`.@Z9X}t&mHR\	\n;\WD\\0][\	|W\Tbڦ4P9 \Y*xUz>I9$Q+\oP{:\hO>C\buGE(\)\;e\7\\r0\t*\;`\?֕\\<\!\?qZ\\\\\\\0=\\\\#\gi:&h\ZAI\31~\m\P㯣\\n1/F\`Co\\@\ kd4#\\\\&MX\Ҋ1uG\|`%=C[2\0w\9ەJygm(','jsw.jpeg','image/jpeg'),(5,_binary 'xڜUTL԰\VC\"\VJ\@p\N\"\݋\Nb	\\mKۿ߿ܜsΞYY{\\n^*(\\\0\0\r@\\^[AVWS[\Κ\\\Ǝч-#\G%FaNnFwo\'/FIFѷx\\0\0t\_\\\\\\\\\\%# \\\\'$\"}IHDB\%\+2rrrbJ*\n2*R2r\\r\\\ZLXX/\	\?\\~\0	.z7z7\Z\0\r\\0\?H,#\\	\0t4tL9Ѡ\\0L,\7د,p\\BSp\\Zȵ\Y-=\^\QPRQӰspr	EމɿWPTRVQ\\\\Bml\\=}|a\#\"cbS\\32d\WTVU75 Z\\;:GF\\\'\/,.!Q\+;{G\\'7\o\\~.4\0\\\$\1110q\r\&`b\\&\±p\$K&R\8YP\\cEh\\7\;_d\͵\n @wy$\0i\o\\0aIݬ\u[%	>\9Ω\?,\Ӎ.CEW5k1\w/7kvOydT\@[؍\[mx_}/\Q<\YG-GƧeP\Wn\\rĎ\1娧_-\\\S\P\\\K}u%+[p\nu{Jd-\n\`Txf\'J\vf\'ZO17\Z\decpky\\w\XA\g^\SJT.5\NQ\",X\"XX\r]Y\\\	{@2hAxl\Ň\Մ\N\\}	{\I\ȿMVlN;\F\6\q#g*~\rӁ\0\\\/MCAކ\\aB\rS6\\\\dE;g\C\\xܝX3\>u@kUZzFi\ci9\\Z\x\"!g/dr\=yRL6멽qְ\/lʀJten;W\\\ZI+(\n\bLs:{ߍ\SԈ\+\\"D4\OO\RtO+ؾ8\\=\CKiNW\\;K\\\;ѧᘊ\-$ߎ1{*.\+\:5\gZ\6\!&Ռ\0ٙ\\j	42ԙP\2w\6\vn=A\_V\\s+/Y&ˑ\z=\nR܃764zȺ_S\MKg\Y\'Uܹ9gj\j{Mn>\ۓs\V͊?Mٞj̱\\ȎIk\y\r&)\n\He\,p7\&NDJ\"\\)3Ic5\\'\ꙉ`\\ZLn\_1q\FN)\WgD|[\u+\r\_-\\\VaN\.\c\4\H\-&fTD\\^\ZЦ\3#thc\MST{R陽\\ZCD4^ˆs\\\r%q\\^^\\!s,򯋜:\CO~j!Ù:\\Hw3VJ.ԒȨy]0\eP-qfn\\^$\f\?\2@gG\n>2@\\rZ\\Z^q\\@-]\\G\nxߛKы\t.Oy#\_@twM\?\\\٘\7\-)$1w#=Ѽe\'*	ԡrnmh\\ \n\r\%\պ1F&7i\)\*}K=G<rW\\\\\\\SDc@DTNT\gw+mBt\\[WԐn\\mg>$QO\\GXT8L#Y\7^\\'f\Ow2\<fI)SL\nvZs\)009\|~\|\4\#\1q\\ޭckB\\ӰRMzs-C\=ľ\Z\y=|Ĩg\<SLD\\Iҳ0\\hr\怎\nw6\sl\'`,\r\Q\-_[	T3bd]!8=Pŉ.nY{u\"\`\S\B\L\'\l\kG\0A\rł{{\'1gb͹\݊\%\g\\\!yoGIm~\=|8\\Y\"?0\Uy&p\\"c=\\k\\rgH\|\_Sz\U\/E[֏\u2	N\r\jvX)\\Y&X\u\sY0\bSG\9	w\	H3o\\n!GϚ_T\g\=O\5\Ěk\\_\0YM]k1X-j&\_}\\\\\!Oe9A\ݓx]\{bĦ\Jml\3oG\&\nHڎYTb?F@\\0\P<K2nߋ\aO\uk\F\0p\J\'|\\M\򤲿\\Ǵc\Z\\Ihˎ\w`_ڹ%\3[m^vQ\\w1NB\\p׌EFㆆ\0p\\w7b,& NH!M\\ԋ뜺\\yVeXYz\kBDYux!P?１\n?x\Q\蟝{z\\\s\0Q0\c\\\lm֭\L\Пr\leK\"q\BwFem39\rI\(jvP\\'\\I\Z\\\48\ a	\J-\N\jH\t{\o.z\\<\\\j\'8QQ\9\|:=K7\\8V]c\[?\G_Rij	B%{ㄣ\\\\rÖFG2K*\&b\\c/\b^\\Tz\N\\0MߔH\hN\\\\Sbs_\\p\\+J1항`{	\\"r4.\FAު\\rW#\Cqݽ9V	3YE@߿\'R\n\Mh\z\/3!H	\*Q`\JAx\\+\\֖|\<۹\\aAhQIl\\\q(\E\;Q\n9y-RY\1Gd\w8z\תg\n\=\rZNn\'$jo\idհ,/J;%v[ש\r\\\\gG-\\t\6qFMGl\\\Ѯ\\įt\\#\\J?u\B\B\uO\\r*(Y\rR.=o\Esw\'B\"b\ۂ*\M݆K|Ȍ\3n|`i4%NR\\\A7\t\\KY`\V\L .N\-\ZW|\\?7\"0w)`\\\A7\]M3]c	L3\[g\of{R\x\"E4\k\ih.2=\\r\\\\\[ި\^D6l\\;\1͇B>\\*\*]Adn\F\4\.	k)H7,\\S\K2nD!9\{o^5.M3\!(\Y[\*ftӭɪ\U)Ɵ\'QPJ\\\\wS]\0\E<1\P9\]7[Yu?f\ud\֒\>z<\cTJUOW\`L# ]\g\n.K`󜗑:@|\\\GVx\Zr\!\KVe\\n˼>\ӂ\̒\iqڜ^jw\\Wjڮz.Ju\)\/\,R	62&,b}\\\\?q\\\\kYG\w{حۼg%T͡q]\\M\\\\\Ic\r&{\ث=Sʧ\rga\%\=M:Ŭ@dɳ-\\\0ˆR$f^jPݎ>\\->?=\Xq\wff>\\5Mq%<^@\\v\|G)$N\'{2	2*~+XN3ta\?&\\_\un{\ \F\\q)Oƌ1x?粒3}S\k\`\g g\".M\:cF\y7\3Îߞ926.S\a\؎\\Z\S\f2ZI^\7Z\\r\nً*y۟\BZ]$\\.V\\(2XM\oT^\0B|+s{}\TB\"я愛\nrD>\\\⻝wd\0G(zbc\\"sVcʖñ\0\W\D3Z\'\1#\ǭ}f!-6K_\\<\xvOԼ黇_\֙\n]<\\i\-\7\Jrh\0\c[A\R0\Ta\\W\If\R#l\d&wUd\;%\\\sp	e\׸\L`1ҶZ%5`3Xv\~s\z9{q\E\jj\\c6_M1e\\K\C{4\n,@\6jFj~HoR\\0ݨ\VDm\Ѵ$\_!^G\\\ڿg/\\0Y>W|\}*TJ\'9\gͰ\.;\0+\3\r,sϵ\\w{P3G\\?7p=N_\r\\*\b>f%\s\h.B\\\﬉~W\#\\\\u\\>McG\5dm\V\0\,\\Ϊ\\q\@֛F}9\\S)qf7܋;)٭[8l\\{\'@h\I-\)\Z^nd!2{!\\\A\)\|Վz\\\Smp\\C\^\\S\\Zb\yW+M#jg`\Ć%\\_<O\\(\K\\l\QI\C\\\֤JV\j\\\\!f\~\\Z_<\=S\?\'NoSH:\L1M=H\\*p>|G~a\\\\#	^G8=O/yBw{EiRk!\\C#\x>(^*\Z\8dܲ!?V-CFe\\l\`mǸzlD\\^C<p>AGW\\B\_J\\a:\^-Yg\'rO\E||)6\)J_{\G\\\vɨmS>gkPt/\6Hq\\D\v-CK˯# &\\\\$n\x8T~C\7\\B(N\ tƦ/\p뒔\\;ҽF\\0Z\"\\bk,k	\~9FY@f[qM~]X#v#rݑ%2	a\P_%W\)Q\\\2q\KiF²\<\c>\jb\j\c`~?Fְm@a\\\kDK\%\҇\ޏu|\\`e\}߮\\ݏ\\8fn_e֔SYulb^\g(ٹ\W!\=+qQ1t(ǝ\W7\T~3o<Y8t\\b\cJ_PхC\n\p;\\\2DjA8\#7\\Mafk<qu\߭8W.\^\,O\m\mu\=sZ6R83\"!*+1\7\"G\,K,T7TѾoHSul3sek\\|u_ֺ\}w>B8V\\xcwiF \P,_J\z\O꣈~g$\Z]LS\\G\1~!FSc\Id\\\kr\걖\e\\[k\D2\{gw\\՞=\\_w\\ףe_\\-n\ZsZ\-7\i!V4\TQ&;N]\_W&\\lGc=%6D&Y5w%\jz\:\y4ב\gr\0`ҏ\S\;zDh,3鑬\\\hu16kO|\lmfh\o<y#7Ep@lPL`~(:&\iv\\\Qβ&\`LK-K\i\\\@o\\df{&B\n\E\k8\\\+Oxg5p9mIQ\\iƇ5	:o~(_/\օe\0]XXRʪ\'\UI?\\FXvPq\x\"\˪\w\\\He}蝃\yk\\4\񪤺K\\W=oP\n\\rk\\MD\L\GX\E\\\\\Չz\\rm?R~\9P{/\\" \"=n\\Fc\)7\\ZF/Fgt\r\\\Zѐ\"K\\'g~R\F\<nmٸq\\ \b!f歛F\L<W\EE~Z}\ELn(`\|\Fܕ ۊ&h*?Ms|~F\\n?q;]r)m{\4\/>\;Vʄ\Z{\\\|U[,\\-ҋ\pV\U\>w\\0z֧o P勇L*_CcZFK\\Z<YRod\bFH\Z?퍸\i\\0so̞rv\(\pB!\bK9ʚ\\M\]xyZ\E	\OfK씤\gIO\\r!ug\Uj\x7\X>R\{\uP\r,x~R\U\^Vۺ.D)R{P\\?p+O>/2\v#;\0\(\=5&\\YHw_=;J\\\_E[!⳩\\\,\AB͊xdO%7cC>\\\9X5{|D35\״E	. \H\nс\|0ї}\\&_\S\.6m|\H\'QXF&n\7\Q:g+gID\p\]\cޱ0	p	3c\q\O\\\{<\\_>,\q(ȟ\\\cS8e\\Z\Г^o#E\a\\\[#\nE,\D8EuZKCk_\U\\D\KAļk\	\:q#$zWH?ڇ%o\\0ab?_ҳ/EAw,qM\&?r\.\\\h\n]@hx#s\\ß\r\#v~=&RYOĎ2_`\\\^r%W\wJ& A22pBQ^\nz\ku$Oni\ˍ&18 \7ͪkގ\-Rp\0Jod,_\\\1_EQ*]h};\\z7;\\\W\Ɉ\\'\\0Z\0~\\\\\,\\*\Z\3:y|O`rYUr]\Ȑ\K\qSbJ\AA\($T\Yq86o7\cP|\"7\mw\\\G;,0\l{׫]wW1=U\"g`;r/9Υ\jl\r*/ѽ\ߤoki^69)\a-:GN\z\\-\d\\Tw\'\'!n\\e\\\C\\&Ѯ{\^>\Dj^\ͷQ7\\'9;\+ɚw̢\\-8\؋g\~9B\\+ja\\x\S$\\9\$ 4|f\FuXV^+v\_\\/[I^im}\\n^薵\ҟ	ٗ^}\n\\\ZUZ2\0<\\lYa_\Yr?Fܤ]W즨\_;n\w\nD&iB\@\\Ie+~\Z\Bp\n]*u\\i\Hj\Fd\\\4{dI跖Ja\\Y\\N`\\~y:QT^\;	://_G+<\EapӉ\ \nO \!\7\n\\Q\\\7j\٢:#\icVTR`U<]1\\-<If1Pyp/`DJ\0\\Ne\0\ZLF\IW\\\\9dS&Hm\cwA<u6\ZvskTO\촩F1>FU^\\\\֔lpp0XL\1Uu^FWLxţ>\a?|j4px3Ng1\Z* n^(Ѯ\/PqQ-\r\)\|\})zTf)$ι& ۔601DtX:ϓz10\\\V\ia)#\2/an[\hǂdyR\׆ì̱W}{F%\fǺF?\?h(alTJɋ=\ky\uvRL~\%\\k:#g\\\03:\oLy\\28#\\X\hB_r^\\Z\\\0ʱ\n(uK9\-Y|mwh\Zt%\0U!\Hx\p|\hu\x\\uAC\\\\Z\5k[\Z6*s/b?#/k\<XPH55\n\Vź>8lrr\cdo^zk\\ݵ@\ c\\\9w\"鵠ĿH @{	P|\\X\Y\n\D\\\>}\\\P\9|\\wiX-\\\Kݜ<\^:L;\F:hA\JY\\D\d7yﶴ([s膞h0ў:\ܨ=D\\\E%j6DFV8]\T\\MeX\\Z\Z94H\\\\ra\\0\xm5|0{\4ٯ\\'m\ngz\7bNj\nl\m\~\"5\<\\CX׈5jnRlR]uOJskb\.jsz_x!r(\{\5雽i\ޮ,sQ_rm8t\w\G\"\\\O^z?LL踎1I\:\k!Z~}+d\\0	3\ۈ1\'}רnI\"_8z\\#_\\-~9\|8YK!뵍\Ď}D;6\\F\\\'F4\Z%	#>\F\Y@k~s\qۦ&kjKU)]&{5QA\.\\\ici\ f#&[l\l\aK,ibPCmm9sR2*d\\4\RO}y\ی\\\M\8\\'\E\C_\\'+mx\"\@0f\>\Z3,\A@f(*hzwog+ҝj){r+,6\\>\\h<@A\\JVii\\Z\$D`լ`\=4jR/َQƚY;DֶICt͡4-\0onSqXMZ \+|\ON>[\Lrڤ\ZÐsUiYrQ\vI\!oݠ{}qdH\Dѧxd\\Ulө\4)\vo?\&\"\TP$\\%{\!(A>G\\\"&\}č|\\\0\0gŋ4\Rя<;if{\\'iajO\5뼂w3\\0\ͯdA^o[^5j\B\#S\/)׉Uw\F\LOv\\\\\\\$kUDFZIEF\w\\\"SpVE\%\&$P~`2\\D\rr\ܮ\\\'	q.rq\\{4q\Y\Q7{dQm\\\oUx[~\!c`\\rA\\oW\3OO\%\_\],+\0k{\q\\l\LJF犖\1\T*`Z纉RPc׫Sh\\\\\)-\fڋ1D<n*c?\\]k=DKʟ\:\\c7z\	<M\\6d|b3\\\UͻD_{\\\\'lRNJv}\0b\IZ4+ش(\kER\W~\!\<\1*\\Akqz\e\\\%x\_5!\\%	\:\'WԳ\Z\_hi\o\[52dH\&\n)!\\LF$\8\2*j\J4͌ {\҇ӈ\0 odLň\5d\9h\UU̲ru\{)	\A,Z5-xuh4tᛨF\.8\\!\\5jvS\\\nr\U^uVNi\u7\5\+=\\\^\P1\n\\.tQD\׭M\n.y\j%/yRYjy\Y\>@{\A\OѶ{g\b2xS1\-ҿ\nhm\hVD-1s[\ɻ\\\\\SM²!`t|(\\\Zc\e\`O\'\q\-n],մ\6eL\\\Y0~\\O?8+a%=cwvtu\/\\gWLq-Hu.|AZ%\R	\\eY\\ZzȲ\7?\\@\{>\\\v	}[S*x\7gV\r\rI\DԤ\\w59b:\2N\\\rZG\t$x\'\\"|T1QO?@}~\e\9\nݣ\	)Op+Nf\\:\\>!~O(\ه\'#È1qy\k\(\	GBM)l_\Q\KCӍέN\nÎ1$ߟdyv7\\Y\	r>p)\0\\\b\\\BP\\\\xɖ`X޽\.\\ğJh\\x\\\qr鋰u\\SK.M\#m]\\r)_\\ct\R\\\V>Uߛ7\\\O\~ݿ\<g߁N	\=\\\	Z>{\\ϟ\\a<u7\\]}\\}\'n]p̙H\\\roQ2\kyv\\LRs;5vʗ\\ຓ\rnR+>~\\PR!\\\z\\CȰ+V\O\AE#M?\\=^6\P\\\8Y%oHXbdX\\Џe\X o_瞢\G*F1л\\,*v\O\p\'\mJс+3\ռ`O	Z\\;Q\\\rP/٢)|w\YmD\>^\.钰풎^\Z\\	rX\\\\QNQ?f\Qݰ\ϗ#\\5\6\eM\\,/E\!9Fu\\L\ޡ}BvjHi)U0YqUWi/Ȁ\r\\zӟ8;rՕ\U1\2jWUR\y6\=d7I(\\WUqѻy,\rka\_\+g\E ;bn?]gtvqXdaՊ\=C8\z\Yκ׊%ї~Lb\\QqKp\a\p\\O\\b\"%\\E\۴Lo\\\\#\\[_S \L\\Iʙ_\\ZU~\_@,\\'u0<gNg\x|\*E1;\E\\;.+\Wo\MVL9\Jοg\̅&Tm\H:&\)\|j`	?~\j(F\ю0\Z\\=s6[#?hp\\"U\Qi8{J#S\\V1w\m0o;&pm\\́\3\\H]6[T\])4C\\\I\M7I=\Da#v\\K6ng8sց?\3\8Z\e\1mn_K@^l\ N\ϊْ\Cm\\֛-\\}:4\$#l\Wߧq^.K\o6l%e遢=LP7%\:R\^e\{W.=<H\\\k%\0\:\s\E#\n9\dr\}(\hUZ\nXf}!B\\u\D~4b\7}΅\eZcZ\W8\\sUdsVUxlȐ%[dO$.*J\x[\\Sf5\#&j\\'73\\g<J0.tFed4;.~\K83fDRRL\Mi\ȹ\I\֏#<NPDoK\Zq,y\\t$\;F+\\{m)\Rǭ2$\]}irƉ\siX2\'\RCաo`#\I~J\I`AGJ\\g\\	\(Qzw\\mh\\r؅_&T.BM\(݄S*\ RR;\)\E;}\\x\R\#/\M2<5}Y\"<9ܡ#Şk2|\0<6\Z6H\$\PF\\\rki\no\]guAs\nc\(bq\\FnX~\d\{p\=9hBw)N\:`&a	RS\5n\b\Z\ע\~9~傾\cΪW7\Y/?w/vOK\\`ξ\rhOPf\.Г_,m\ų@2[xt\).t\/̻K(~V_iE(fy9!tL8\"Ӱ6Z5~|rc1To:iBv\\\\\\"\\~\\ʇa[dJ\Lה\\c1k\VSzխ:\Uה4t	\\{`y^der\+³o\{\\qbwqE5L#;ηr\'9P\%\ƞ\\rꞛD4\)bWyJի<\Y}Sц\\\Z\\\]~\\Z\]btpA)I`]7*\:fzY<|\\0}z\{`\j[\\K]2\2\yD\Ƀ\,\_\f\j\G*:#S@	uHWvk0\u\\'Ʃis`p\\$\9\\]=\iD\}\\:Vp%a\\\0,|n=\0\38\!!?\	]J\\\D@<^B\\Î?{R\lە]\"\uHG\'b\n\\\rȴ\\\Z2o\\`\\o\tf\)\\\`)\h\ފk!\0#\\ZojQ\\\p\\ۜ\0܋C\Zdx\'\+\K~>ˁF\t)r<7\'_<\րU<9-p4K\\ʬI\㳊>3\\ZQ}ukBGܱUF\\y9\ZL/\7㜲,%\\nOt\\&>\\[-\?(}ɋy-0<3̤\\\\v#|1\,fo4o\'@çEذ\:/ig\}=,M\^?sN]Ax\$w\KQXdiO	\"\[0\~Vy\E\\	:\Ł~6#z2*\'>\\\2$\N`K\r\"\Y~C~d3\\Y\9B\ c\P)u\\g+zbgB\N\iLc W:JGx+8Ĕ\Wz\nb\\n>\:RCLXLcQcz\Ɂ&d&J\\C{aρ\6Rk\i~S|\nј\\AakRi\"\\mH\\\\n\Z\#@L~?ļոb\R<\\\\\|\I,\s\j\'\I\zAv\0_,X,$~=@4e+\\r;\+[Q\N\\\\\\\\\yr\8\rҐT)\ZD\\}_YNr7bnxjzڤD_l\&=\#\)	C]/}I@3IzH~<\zZ\\W\g\\8vj\VXY\V\\\v\]\e<\b\Ŭu\"0@\r\\qK0F2ʹo\X\r\\h\\0\O\sA/\Vst+\\\Gf\-J)\Ot\\{{\-+XD,	]?u_wXix<\\\IGw˕\\v<3ݘIO\f\h\nOۦ\7[Bh<Aޢ)1\<,J\Y\\\j\dD؊ZXk&8\H{\"v[Z&YdX5\V\'\\+P\\\'\r\J\\'`\\rsjIT+dgd\GH0^\'8S\(\\NG˯a\Xf\'\ݎ+\Fn-D\'_fJ\;\\0\<I-mC\\\\FKv\M\:\rA5N\Q$\v6^:[h5\gP\\4\B:+\B1S\5mP\C\\\\X\\SY+`ZҒ\\3\Ӱ8\rZ<8\/wW\A%|\heMv\s}Rw>\D\:!s\\\PH\\X	\$E,␙o\\{\_چ3\ϋ\&\"\dBf\#Q\\}\6\\\Ց|OPcV\*H縣\H\2Ou0=`1;\2\6\A[\\Sv?L\\"뱺\0dtK\\\'YR\'J`(	\\\/mT\Z\ǧ~v\A\\_\(\Z׺\I5ŗ4d\\le\+gf	d;\1\52xJA1\+\\\;zc\\\\Y\nT\t:~\\bX5qXd\#o4s_U;\l7b?g6z$\\nI,\5\h{{B\{;\\\joDɉm\IVp\}C}q\ٍK\\\ZE\\?ArzjW}ye\]q\\"J6\Z{\\n\=\r|\\|cE3Y9\&ikCd\ʅ\\\X\m~1b^uQj\sC\\W*w1S:\{\\"6dG8=>)~ޘ\\IQ\\c\M\EgG[\I\M\\܊\nk\\<gͨ>㐊wBj\ O\A;3_Aˡð\\+ㄱ\<6v=#֧\'N2;WWT\v\ÇMno\ݯ l5\a;_p\\QV\Pqxii\I\\\A\\z$\ZW~\\q\~\-j1d\+\ŏ4\J#\E=)\RNjҺ\0\2CF\7?cr\ej\/4\\$\4諹j\Ns!K݂\9e%\/\t3Sv\MKPUkoRИ\ŗL3Ue nF\:3\~}\WE}\	^Ww\uϫ\7J\'ؙ:\n\\5\Z;n\\n\	\\:\/.\q-;0\u!uފAc\y3;\ z\\X$SY?\33jtQ\\\\"\򟅞\\R\B(\\NL\'\wr͘5B^\LC\ɛ\\\q\\\C]1UW\ڏb\n\S\ǵn\\4%șW\\T\ؓ\\\K\R\52)3!w?ֵIOp\W5\\\\lw\\E\M\\\n\d0ZHdE\^&\\PJ\^&g#\G\\_ᛌN|j=O\L\ě+/\nr\\@hF-̋5G\&+QP꽁\\n_\\϶aMpf\[3\XߣP\^[T/\0\\<Qm_Pm)k\\>z\\\]?PvL\\\\O\\}\m\|\^)\kn\\\\͗\\Z>^\>#3!Pp(x?R5\/^?\iu\%P?g\\r*za戜k\j3z\\\T\gRڡ)dM\ڕwK\0Sm:Z(\sߡ\E\[7c\==R~\&n\ۋ\?\k5%^8bńH܌\2@?!VZE\\$n?\&y\[\\n\\ᇒ\X\UA2ل!H\S\\'z\Z\5~%z_F`>\BB\2j\Q.&q҃<͆\~\|m[u<\C\0\\\0\H\3ICrsEQ8Ʃi]c\\ГL3\'d(O(\WeAk9\ȋ\\\\HH~(tտG\'\%B\>\f(CB\\K-X?\A\}|䞢I/zΎ\\m\"W\U;nv\ixjji]߹xqu<\/R\a?\E;r4z$F(;[\E&\/}EBwYnq3\\``\JGK!\a $8<D1B\\_*TmDn\\ZSy-ȡzow):RY\n2(0\\0\}k\\\`\r$D\\JBU˱إ;\\{lӅ\\}\Kr\_?}#	Փ,޶/\qrE\)\-#3_χ\:\Mi\\g\\y3Ϗ98ERT@h\\\nBL\i!\Z>8\j\*t1\\"Գ\\\\nw\\\&e&\\+,\;N=e&\\<EÚ\с7\2\Xoc\Yz:l\Y)\@\\|X\Z4\7[02[p|\'o\\&d,epj\n^*Β>s\7\r\%wAT1\\|\ZlwcJ9g\bϺ;\<\t\\8\\F\~**-S\[#\\ʟ\ZxL\I\93)\rDJ\swY;ܤ\Z?!n+\f;n\\OUc\\т\\N+\$̉	XUxZ8ick&C\\]z\Is 4\K$\suJ\ZOY&0/nD%\^ވ\繌\H<E\t#\\bF:\McO}\Cv\nŸC\	\\X.޳1\u~\\:~i\\\f\hcJс`o\J[\\\0\kR:H\m>\@;kCoj<%\\\g}{\ս\ABtl+R_C5IEM-J_NϠkG\\}iF\\-͠\u~ޗGX_\]\!Nx\څ2q6m_pɈq?Wn<\84NyU&.aEqI%\	\-T\tmLٜbR8*j.\"\\\re\\2_G?\xs8\)X6\'\'\\\;\*\%\蔇\)7m$;L}H\\z՞\\'%\1\۷\Ҵ\w\ԙ|jgl\\\k0lus\ERSw\(\7\4.3`\<\5d\dG\sC\>-5\qְh/wE\e\Z\\\)µO\\8&9x\\=_U\\ݗy\MZ1\Kn\:v\\\Z\[\'\Q<\B}H-v\\E\*v*\.zAZ\\\YC\.~u;\:z\6\7?IK\r\8ACi\\[n%\_٪21A\0\'@ؿZf\6H\tVs\\\-Bv\\c\n\R:iұxG\γ\\˺\\9<`\_N(QkoQiG?~F\\\\0=l\\zwb?\k-=Bm\0jMn\\DҼcD[@I)ڜ	\M@\\.s5\ifPiN\\r7D7M2+b\\b\u `kM\UWN\tBF8\jȑb?t={Mo\x>\\\Z<:S˼Ĵ݄\c\\\\meu\U\Gu\\Zo\\¶E\\c\\\=uD\'j\\t\\8#`n\|־c\\[\>J\n\m~uR\\wm#\:O\Vv7^J3\R|N\޶ϓ\-_Z\Kw\-+дi3	cS\\e)=:Ӎ\ÿ	m8x\]\؀*;Z~\0\-Ž\\0޽\\\\6=WN\K\pQx&P^\0Y\\:C6p)5l.ܦ\n\r\k\6\"P9\tesr3ں.\9\\e\0\U[R(#\Ï\.\Z\F\ui1\\n\\\up#\\j%\MA8\|A~M3Aiq\>[\v\<9aq\rᘎ[9/\ϋ\Z\\<\\\UxuG\7\[2Xٲ\\ng\\d\nN}\'\'w\|$\4.T\\0\\\1\\@\X\BD\^\cP\ӻ:\\Oti\J=3$a \\sz\ƪz烼E=\\\\䏅.w̱\\\+\\e8\jk;QA$#?px\`\6vw\%q%W ȯ%(9\\\Z\Asq[\Ѿ\\K\\q\yo1ГS\\NMxw\O\ȱ8g\u\\f\5_> ^kŻ-\gi)[b,:\rǉ\i35\=v֭o\H\\kRA8z)\:\":\Z\u\[\hWP]\\j\c?U\\Pkw<\BEMmh@\y4\F$>\\6su0T\4\ eP\n\\S\\EzU]3J\\\\'Ӛ/SȌ\\'DKA%s\{Ŏ#%A5\Z?\?y\\v\"\\n\\Z͢\v\ֽWG\\\#\Cə\\0\'5\\\ۚ)hfiZ#xZ¿t[\\\f\0J= \\E{\R3]H\s焌@\fkZ(&}\UGh8\]\\\\\\mF\a\9\\\\0CҮgWs\,P\F1\_!՞4\\W\1I9\\rR>d$\?`17\\w>\\<s\(\\\<??\{\0{_zxGk\LX.\B\%I>k\"b#駏ͼig,\\⥺K{w\\&L\~Y\Z>\\\бsoqp\I6?(\\\\\I4\S\/5].>\\\~~fE\ψX4\\\\uR%	>R3_<^\\	u\!R\\ZO|SO\a;\\\0Q,u7N*\q\o[Z\\ \׏j>37ڛ1X1\j\ ̖Wv/MO\X6-\\TrPMB6!JKS\\<cyP#y*A<W,Lf+\[\c1X©\7b\\Uq\֫\ۙ/R4zm:-h\i_İm㨮@ \"G\<\`n\\~q\\hg\]%qJ\\fRGr0,t89 tſ\0\p}`\[\8ּ\WXdeR8ci?y؞f\ZH\_<i<w\H\Yng\\\_\ꬋ(ڣhze	iWjx\\r#\\7\r\<^S\0	Dq\2z\<MBcm	.3-9=,cgY;\s\\֩\+L0HAn\\"\MB@ӫl\5\\\%\åSV*0rg\z3eb\\&\%@<\rf\}\>;\:2!9Il\Ƈ8}44qqؿcDlrY4\ʲ8\"\\KY\nCZԑ\\5\5<Gof>]X8lcޫ\\\͑Z˯\\=\k\Z\H\\ל\v\n\\K{q\{ffhQV21\\\RеM\e}c~4\Z\4eB\rue?\\F>l7z_\\W-\@<\{\Ejp\r\n\h7\\#$⾟OtT\\	\K\\^UUE\8_]OLY\=E~\έ\c}kH0b\ifV\)>gI\޽}+\B\\j\r)$u]vE\0V=\t,\6\Aɾ.\rP&W\\(\bU98\EmI2\҈\\v^\Ώ\l(RMż:\\	\n\\nw^H\#\rJ\0\Zx\\r\"[nƅ\SH\\W\\FZ\3ofLF0:\Ϳ?i\\<\\\d#RNf9R\ \n[z$u\Zs*\fmi\ڂ|9\Z1n\g\kӼ#\\|7\z?A\\yw(\G͎\u\:;\O\aH\1]5Q<ϵtԭC\n5\,l\+z\Ug\\2g튄rV\n	*\lv\0E5\	R+r\K\=\8j}.kyUHG+td/\\LQ!t\Z\/\+)g\IEӬ\9P\9;_kvM9v9\@=N,Sʈ\+\O\K5\\cǚ\\x~\kw=\\o\#\ym\CȪ0s\/\qgc1Bu\|xOV\ڣ#\gO|Wav\Y ׺7þR \'ڥ˰\\י\͢L \}\\0ip\BH\\\A\0oZ\ZوO8EG5\\;]+#mW>\\\\0-uX\ɰ\ W2;\5\\\.l\Ehf\FJ|7ј&\&=cGh\\\"\\\Z7PAZ\6T*\\\0\B\^8\\0mrD\'Z\\5\\\\ڡ\\FGSUe7m\:N\_<wg 2|zտx\\3\3.|@6$VA+m	 \\\\Glŗ\^syj\\'W\؍ﾟs0\f۹ZnS\\|c7\*\\\+\\6\\0bЃ\\\u_\\\m\N\S귆GoΆ3<IqHt)\}\\nJ6,1\@\3\(*\LI\\jhH\CK7\;B@\һ=6\\r;`@\V\\݄~\>}qofKb8\ּ·m6/L7z\	xPH\ \\+W\\6i&\0\O\6\\\=,0,_8`^\ǣijKֶ\\۹\x?ê\Ƙ\0zW\QhCvovA\`\\wi9u\"3*$WOawэ2\Z[\e\\\Z\\cC\0:UŢw<\G\yq+ch\\0\\\I9\3_L\^3[_^B\x=\>]\9|K\nOG8\NRJ:	\c\\0fO\1\\wp\<Z_h\0*ThV\\0]Yc%z\\t,\\z\\\\i\+\\.#nHC\\0mkr|\\Mp0[vf$޸\\[I$\[?x\sr̊=\+\cv\\+o;Ͻ\FEr_O\\Zqڻ8\\O	)H\Doi \P\\B\\\5M^2ǌWh?.r\#\\O\rx{H𭪟%&\f\5K\S\\7mJ(\\8\-bVp0X\9Y.\n{WAjYϓ\غyAr:RM\s?CN;\e\\C\ڲYP	ҽ+j6\\?+\^-\D*\\\`\[\}\v\+FԢ]z+yb\J\cU&\邐Otl\]\\\4\z\s?<>׋]xrŹ$֯\?Bζ&B`\WūF\0P\\z\i:4\o\5\%񼺍\\\Nk?\^2\#5qYzG\EBX4\\Vob\&Q=];\Zk&w\q\uJPw\L\\\\SvF\qcZǆ\è\"\"? ]Ϧ\KH\g<\t{8`g\Rn\Z\V#Ձ\ⶤ\i\nI\x=+\.52{,*r\\\(\Z\湋\\\xsĚКF\\q\6콪w*1r45آ\J\LY\\T`fkO\\|[t`\\\\\;nas\F\\6S\9\0z\0\L\ZL\\Wg\_68\\&y\\_C/ö:]7\Z\\>X\YE[Vn\F?~\+,;\00_$W\/\\O\\$}\ZO\o\C_\<3¢W\,s\ִB۷\ձ\\Jn\\azڑߐbuVI\"\;/5Dđ;]5)\nW;FFPX\\iи@Ez\G>F;ԞF\\rv\\s\\FI\3Fc@\\\Mo<K\\\1[	\051FW޾j\@ǜ8\\<\c\\h6y3h#$d\\ۯjז\e\DY\N@\Ҹ/~ԺgJO.AzW#[\\G9\\9;Oߵօ_ٷ[\5R\cFX\@Z\>\n@\]\rsOY$OBz~5O(<M\~Ybp=V|\쏳Gc)!B\01\]-Ẅsj\\\rۄn\]\6*\w<\\\w;m\OZݕ\.\",lOgmmiPO\\\\t\n\0yFn\c4uGk8\5Ҵm}&;W|<ie\g%\sJ\,/\7v\Q \\\f7\08 SH\(\:儘\E/Q\\ i3\\\0lJ\wW~<^\ĶV7$\\'qTqJm#\0@]\\2i\vfQ\o=k\|P\jZW-4I+\s fY<)[\"\G5Ih\\)r\ɼ\\\\5\>M\G\\W!h\)8\]nP4f\m;\\Yv\\J,eG;kКx\v>\-ݖ\\\\\]ْ<\rs!,\]\Y\+\zW\ŖrM\ZoA\\\<\\\Ƒar/SZ\\\\\"$W\5f}AV.\sZ$FQޜUٜޅW\ʃ\\Ga\\ \rZ~\84(fG\W\_&u=2\1<)\Z?wc8\̯_\$\ݎy\\\)ҜL\y\\\x$\Zm\2\8\XWH\\l\ZP\Fs\p\֬`rCQ\Se/\eS޼\YԚI⵼E g\\'~\);r9$օ\\$Ien#R\|ԳK\9①٘sU\\z\\\\ƽA,*擸\́8#ff\H5\g0\0\+7C0n̝s^\\\Z_CG%u&\\E.E\/y1\\"\G,\\\C< <\\\Zֻܸe4c\cbn\?^97#)\W\\K\"ڸ\0	Y\r.\(`\/s^\\{Jˆ#5ж1o\I\H\H\\'q\Z֎\\"lqM\.\a`\,Rܖsz֠\"O\\8|5\\٦a\׫xE)\r|[Ux(;t_\rZ+=AD\_\{E\\r\<W~\\Zl\s\\0E2E|\0k\J\&	5&mm\ەG\\\\f\+vg;\.xG!1\\3Q\jT kI\\\\w\\×	\n|.(\Oo<y\ R%u\0\\\\\HX\0\s\υ6+\B\>\נ\rs\\kc `\qh\rƳ^usJ \Z\mk\.\\\rqJ\\Qxgr\\}s:,\S]\0\\:{\%1*{-2]>W)ބ&\۲D\0}*\ʱ\\\0TVez\\fR+Wb:\ZgFkO5c 2DN+Q^/\0\\?\W3\\e\.\U\\N\\k+\u6\n=\	g/\\\ZoZ56Ỹ$Kk\Xt\9ey0\\\0k\um\l\Z\f\P0\\\)ꐒw/\\vsqIi/\iٰj-B\y1]Plv\nqV6\qԗKeg6\mǶkrO\\\˼c\Igv\\0}3WD\0\'#D\\,6(8{/Jq\|M#c$u\"Ş \N*]\j6U\\'WDC\r޹D`GV?\UOioX\\Ʊ⧐`99u}|}\rT\,i:\n\Kb\I<\2\\\;\9\'\\'\W,\5ދM:ݥby8­{7\߂v{Cub{F@VWrw:\h7\»\\\Aq~\Y\7*J}}?\\,\\"\iR=Mu\{p+ƶ6J\עkY!LQ\\r \Cn\˥h^X6\q2\\nk\|]\D\vMA\j\fF\$SᙵN\\\\\\Vm\\>y}\Ih\\O\\k޴\9Fd\i\0\qx\Wt~=\{D\+HT	T\Bm[۴v#\n7 g֥\21ҴD(\ljYY^; \'q\j\5\ha\r1ӭW|RI\G^¶~!_6\n2h3r\\:\*F7JE^C\yso\<J\\\-\3#\g0k\\T\/\k\\<E=\\)P\{\0x\\\Z\Pdݥ\ JGn5%i]q=\\E\Q܌)lskDJ3r~$\\9\Y\\\|-ٌwO\n>\(p1 \"i\"\d-ч\\MG\9X\'ou\0\h[\\>֣x4~\iee>Z\4\0G,#+=xұ\]&%M4,z\\{tZ\&#=+D\]#<\	]\t}t]\\t\\Z\'\`}1VuX\KH\0+ԵFyXC	\h\\儒m@	j󟉟\|+aqxÅ黥q?>.\xkOWPpA|mU<\\pH=h2rrvF\\Yt\-wfe\?\Zyv\\6w\\\}L9}Ռ\\ؤ݊;j\\\\{gZ\\!>\\\+q\*\ax@\\/i	#ަ-v4wfޟ$!a\\_	;KF\"$\\qP\z/\\'-&{0\Q:\ltk={WYZ`O\z\zeo-J7a\s!\\4MJr\'\r9PX\\Vfr\\mn+\0\@9iL\쌩2.\ι\数@\Zf*	n&u\8\͟~-̵#jވ+u-FKd\5\\E\9q5iM{pfv\\'\ڤz\j\Kݗ\8~H~*\jla>o\\\|X\TV:\\\\\n-U\\0\Z\\<B#l\+εK\s) iԫ{vfcދ[FcSm 砫\@B=*K\OJ{\)yF\nĺzPy\J\!U\\m\y=\;Oj/i\|\T/\\sv@\f\\lydw\?\p~e\r(84k8m\ϓ!Oj\Wn\#\\\"Rp:W6\%J+E\X>=̉F\ھ𖘲4in\\HY\?\r\&\@\\a\n\\X\\\&Ǡt[i\n0\"kQ%Vt=+B\np9\C\\v!FenV\bM8 \0\\+Y\\\"j\`k\/\K<0__~#\\|I֌19k}\5\gF<1sne\`g\π\\:B|\L䢴OD{o\rnX\\5\x\-ު\y\\#\{}.\*0-y@qNMs-Mv\xV\)]y\0ץ\\~d	t\\\\ǁӃ\g\\\`rb\\\k.\$\'8KKe\0\\޻\?é]xUn\UCw5\gsl?E\'E\WKij\\XI\ 6k\\3m\/}\Zԭd\a\G\tI.wqQ\5\k\Z\i8\\&=(Z+ѳS6\\lH⠃Qg\k]{\OzM/_\rs\\ե\\\\]}tl\t\\\-\\\U+EP\$\q9)\<W-\\b\W|\\㨴\i$-k\C⛍f\=\I\i~ũ\\B\?Aֵto\fTɧGSji\dQ\4y&*󌎧5\\Z`\0BR+>\8G\Z6\\1\T\A\\Qe\\\"\0ѡ Ui\,@9Xɨ=e[\\X+}\rf5\\MCN\\}D~njM{\M,oGy\&0\\0OԶN}\y\0u\Z\IV\\Qp#\wLJ\j\\\ĬQX{U;V̏_z!\͜K\\#\'2I%6;!OVY\$\0$$^ձ\^h\\\[oo\n\E\7zw\${\\0	m`rѮ1U68\\Gh.6>bk\t/v\Zw0n^+\l-m\\rUhd\%fg,sVbyω|sM\v7F:Vހ\;BeqԲxU$\棒F\\|)PKq	\pW*>Y\6\\࠭< _Zʘ\s\[	Bzwl \&wz\Bei\R\qZQhiJ\\MB\Ww/\,\y3\2\\\"\Ӿ\,H\~\>V\\#\5Ggp\\Vv:\rH !\n	\\'\:e^3ƭ\w{AOZ;\\0\6{w\rMf\=\_\0h\m\\\\U<ז3\Ǌa_\q#\\\0\o\\]\Z9\	\ZoZR\G>6\"\Ed\_cul\r|:\)C\\])mkrW\\\\Z\\Î\\CLv\ZQMy[\!&𮰖qL@y\nM}	i\r\\\r\?-\\v>}<@X&1N\ԇC[i\z}\э\\\%=\\t\\6\Z?\hn@K\ZMr|/|\\rI\f@nm4\43\\\\\\=2\\wd̹tZ\`3\ \>`3\x\ov\\r\*u\\\\o\=gK5ǋ[|S\\V.ܶ~nNJ\\KV\\̒Fχe\+/Λ؜\>6\"yv\ݾck\/\$amT=\[F)\x?\E\"\W\Xu\ZK2lWoz\v?tPv\jVV-q\\\,\a*~kwHҧ\+\\Z?	kVs,sH\Z1\Ux\C\05}\z]\7{Wm\Ī\I\:\Z\\'jF\Z2\̧a\\ZN\@!\@n(\\|[p\륹/q\\/h\&+\\(6\6\j\Z\Fp\rA=\0؃\.\_&-$2\pC|\"\"9?P^=\S1\-5y|\pdngZX{\ً9\\T6\Z\J9\\46\#0\@\+\\blQC\\SYz\0F)\\u\\"`v6׵C8s+JZ6r3\\\z\\&;[JڙZ֫HQZv\fieɭ+xEa\bG\Z\\%Y$j7p4B\=1]4kd\\jX砮\Þ	ռ@bH!XP\F\i7`{q\\aF\V\Ͽz\\kw,y 5z燼wh\t+\sJM\yw3t?\q\kMe4\Q\x\'\\P\\v(]_\\	\|AC\\"Kh?J\jIb\"\+\|/g/\$\\T<\#*1{;{V\"5AVC\'c~/_\\rhJ\\3SaelQ\Q2GmaJ\ak7\_*XxcCc<%N8\z7W\\.\&\5\_=\I\n\hyğM\~Rm~\0Z\'\é7\ѯO@˕\'\^\r32\V\6۸;\+\?\Z\^oځpqW5nA_Vy޵\\.e\N\]V\\ bk\tu(>&H*G)r\\K\6t\_}<\c\\'<U/\I:+1FB9\"\\-\8\hmN\\ux\1l3/\\`c}*(Xvjq^\'4k;?Hgo6\q-\yjAF\yⶶZ\\WoɆ19<ԥ\\Nv=\'F7J\&|`\Ŗof\+\0\3N\\'^I\,ο,!aTfK\HKK#[R\\\3Ͻ`\x\=6\G\ڸ\\j,O\Zu5me]δ\i\\\\5{Pc;I\mw\2IX\kGFb@[a 9\o\J\-O\%Y$[\HQ+\Eu\:#\W\V]\1Omlqҥ\]i\Z6\Lkzgk\--a\\\\\\js\r?\Z\\uɔg\=i\'孉\\\Jc`z\\\0x.@\ \Z\\^Z:_p^_\\,3\\7\nB\A\d5䑤a͡.|1:^*\\\f\\\w\Z\q\Ypd*\3\?m;\\z^\;\rYF\{Wx\>\R^\\ʹVcj\%4{hay琅\{燾\Z[xB\ou\+\SN\σY	t\Pap=+\\\-:\ ?&ۍZ\\0\O\\][Ig\"\-ܡ>-s\%\y_\4\rc*\UMRR\\5\\Y,d8R\'6n,\LXoJx}\'|x\Moڀs\RY\\sS^be{+iC[\nb\)\W!}Nv5\\Y\\!\\\v\\Z\q8mE\\z\.\\t֭,Ρq$܄9X⤰3K\>6xM[\aI\0[_GūOV\ɼd$(C\\\\\/\󴫈spCdRFV#[LPK#[>RpMw.x\\nXr3]w\rC\8\r\'#ץ\\qXT9\dwB`yf\}c\\B\@\?fˋ\$u5\r$c \\\r>\\Z>)YT\?S\\}\\~Wy\WUqhiX[vJ\\MJ\	\8b>`x \\;[s<\\"\u	b\`\1\&hf\\LV_\\|A*\Uq\4\"\K\fVDVە\86\\H\\\\MsĆD޵\.]3	ScT񥇇\{\/;\\&\KWڄ:D2\\^>\?7jom(`R0E\\\J]yu(5\:\pdɌy\w*\+\n\d^\\	\y\n\|^-1#\S>cԚ|5HcH\A$T5vt(#1G_^EkҚm\Z1U¶J\OuMQԕ5nw<\FI°`1\\k\t\\\q\^f\pG>\ᎡYD\3\0\nsMd@T\@x\9/L\rs,*dX9\wo*2\r0vfxxT>\j\o>׿ ƍ\"\5\\m8Sڪ*\rv-j:\8!ZFa\\ \D.͕^Ig\<Z,\\s\-	KS\Řl\&]|\&>%k\'7\5w2N\lwڍUd\5.\GM΢\\\$8V5\TS\ݎ\(R2:S\~e;;{λUk\\MGQ\䵕oW\\~;X6\]خކ75\P\5\\\\4y5.ver	\֢G\\'ARZ\ql,|\5\\`:T2S\Q\U\nx&knח\nqJdv<V\*W\YiZd*7I\ǚ\;\"5=MRR\+\^\\dq\e\'Y\\Kķ15\Q_)\\8\+\\"`n\'f-fgA\-(WGsxc\]$Z&\@\\Z/xf[=.\F9kY\\t2\[p\0\r\\׽KCf6R\n։ufW6<-dq\0lt\\n\0g#)\\`͢\\0\\\\n8\i鷎\Vt1K\U\Eۋ\-zXWڸc\&\!|\+\5Cgx \JjKz\p\0\ZmnRI	\ڿ?&x_>0\\0\Һ_گ\\\ċ\)n\\\c\\n\\o\:V\)#EYr\;\{\M\oN@0\cU=C]oj-<\ p3^c\qAikZcljW\\"Vo&KV:	Gk,\\4@tBB##?Bq\KfV+l\F@\ZG\o\ex\J\\"\'v\\Z-.%\3nҹ \ۚ\\\pay漙W\\km|h<;Krr/\]+\\ڌ\\\0,zWj\\"ܰ8\{\ow}ww,\+\\\6wOi2sҥ=IN\[,92\\c\\+Q>\\.\ 3g:WWxSYd\YG\\\\,e\>{<3)\'5\h\Zm\G\T\[(\boqVmncspjS\ElGiiMǾy\^\\Vw#*\}*^rh/Nb*7rzZuӮ\܄ޕb\0^\ݏx\\Y\\%|\\9q^\i{\akּVι+\yK¸\G\\\1UoЬ\k\\\\\0v\\'6\Bkp\W&y;Vu,\mi\+m\1yK:\-4\:#\\k>H\H\\\KQ\\'Z\N\yhV$\ֽ\G\=\oz0|~+7\c\'\b\\\C,[?\Zs\%\rXA\Z:}\?|Yۥ\n\\_\oN+O\V\/vɪ;-I\tv\xRW\\V\\&$\\\\8C%\͒\Oz\$q9\-\Z,zZ$c՘\Fm\0 m$\\Y\\r\.b<\rʧ?Q[IoŬ5A\"uϡ2B֭\W\"+\	_ĂG<\'8º:GRU\\⣻\\Z\k{*``85]o\7,HM@#ڲ&Xe;\\֭\(\<\e\rū7\\\;P&\^Y\t\\Om\zbr\0[\\\s\gk欚~;+\\#\_|\\+qFs\B\i4\\0S_5x{\7M\NQ\\\\\\0~/\xU\\F\b082->\Ri7aB;\\\Wk{\d\s/^6P,\6\9d\#\\\~\\E\#\5k\K\6u\dƱ\Gt\\zB6\_$w;>p	5\0Ŵ\W<\j\\r<\\\$o\zׯ\ZR\-\T\|sJj\M\Ф39}7\\ʡ=)n\VOET\;4\kb\2\\Ǽ1\\\?J\E7\*<aW)x]\+\\9`Pv_j\G\eU\n\027gY\[G\r!&w:\n\o\\\\x,:\n\VY<J[y|]i\[)$Y\049;XoKk\{9$E<\\ߴ/\\O=m\AOS%\CqU\\r\rW\%\\A\sL\1r6tvouFyU\+\'pN5Cª\n5\\\໐0WhԞ(\mɶGZIM:\xYhg^\\o\03\N\\z`G@\3]ViA~m+J6\\\\\ҭ\U\V5\\Wm*\ahQD\n`\\1\L\\%]Z\\r\N⫫\n\\\\w\\\\0\Wh;S\=묷*6:\	mgM\5:I\э\\kԣ6o^	\3Y\\[o\\a{\0J̹J\\\޿\=[r\\ΌҶ\\,OO4\h.[\5\?<q\<\P˷;\\U\]\"\=M|\cP]\6~͸\i\+ƿ5][Qh2Gm\\Z4\HLK\olZ{q\nktX\j\\7JH\nō\E^\u퓸-ǥrZmّ\-Ӛغ\rz\\ma\\AV#[\s#\5p\^i\Fy[5cY\$V\r;V,Q̸\\Z$$p̠\n\;ma\@1ˊ4kz\~\\\\RȘ\H>\ryǥY\߱	\8\\\̈u\nN)0i\H[g4+I\'\\0F\Y\\\^o#nm,\NEzޏ\\K\\\4\?\Mzχl=,B\0\\+F\\\V;mf|?\CG\\MGE_ɩO|:.zV^\\15\\8\r{|g[\"\\\"\2Y\\\n85!@\0\nK\\6\GJ1y\\^gQ\\n\hAj2[X\\`YZ\#M)\#,h\";%\/	F\0JrpB39%S^1#\0XewQ_19\\\3A\|\"Bŏ~yf\ŷS\\27#wV\㺉\x\Q\0\U\\`A9\\\0xt|2J\7\e\O^Ex\\Est`>l\\Z!hB0+gr\]j#Y\%XO5\xCMpqZ.3סHKUu\ڴ=E\nqZ\ٯ#e^jd2F\&Z+5\\\\0cCp$5F\cPH\0ѕɍOYDi\\nt\eA$G{V-Y#\[\Ɠ\1c\?\Ū\\䞛\\\{_\\E\\\g\\p\Z[)g<9ކQެk\koһh\".Z4\nlv\eE_\\ua9LX\;j\\t\ZU\\6A\=\ӼC\&\nz\qvP\\0buu<\\nUU?7mhwiz\QUoi\h\Kra}+\$@w`=k;Q֮!A\Zqm&_\\\gXNm\5J\^Epn+\|F\V6\r\\\\2o\\5\n6VC\|Y\CWW`;	y@5OI<o\\5\뤷\6\0g9(S\\rY\w7E~\0Soåy}\Zk\A\n\\6n\kګ\`s\+\\\\E\xQ>j\\Zv\G\(\䴩%\u_)bwD}k\\k8GZڝ7&Lt];@\\\E)U~j\1\Z\$gA\Zl `:\0RZ\t_j\>jMq\e\r\t[-\#\"[;?\a+\OxR\-\`0Ѱܿwz_\\_ŬKc|\\h}s{7EQ#\\/\\\"#\'M\\n謽\\o4_U\\-j@P^<#k\1f\S\\V)I=QoX\\I	}\I\-5{Y\\m)W\Rd\0m5\\ri\wVRrHϘ\u}(\d\\POA\\ޝ3V\S\UÖ\Z>&YRAm\a\x\\V\z\	}!xr|պ\c-k\M\rn\\0\\\]-fT}\־LK\h\ַA\04@˿ޙ{`~\_\Z-4\	\Z\N\TUڭW\^$.&)Cc\\ל]|G\<K<R_\\K4\g9$/\WU\?]i\ltw1\³wZxA=dt/4O=)9i\l\\"\'Kv22́(=]\'\]M\\j-$R&WI\w\\,\\H\6\\zs=Λ\hy妛T\'\\7GI(\\1W\0\n\<s.$SEvzO\\"E \\"9H.GX\J8\/S\r	RXl\N67qN>Ial`\W+h3il|`e\\rQ.5ǒ\\\=\Cf[iE\\쟜c\ں]4ݔp2EXካ\g*Rw/r6?x#As\\֣\j̦{aAzspu\i\h9\-^i?\}%H\P1Tg)$*\'\gN6pwt5_\_\bmT\h\'3L\*9o\ǧ\\,\i$n\0וSF\\\s\m\\s;~qw\\\\vsc+\KѣP(*d\Z\|%\+\Y.\r+\1\\\t\'<X]\\yQ\_H\l^\:Wx_RҦb2c;\4ƌP\\0\We\y\\0\b-%\-3RU\uܵ\~\4Mh\\1M\'OKCCC\4y.t\Wɕ\0\I\Y6G\|)\Ot\\\n¿֘\m-d%h{nxg\\AI΄\L\\\-\3Ġ)VyHS\[3\\\\\Ncxn\"\n#\z\mToWaL+\"mcPRq\\ژ\e[}+b\\rY_z\{\|?h\$X\i&OOƭh`\-\x\\h\/JN\_!J%\$٭\\6Ʃ%R:l~1k}mV#dgT`\\?cm\\Z\LۏJے\0\y\09 SDɜ\\Զ(\j,*+j\{v,k\<Qrn\&y53uTDū\A4\J\oy75\]<Nj\ۉ|\<`\\\+c\5_O\^vY;*\\F:sHȥeuJ\ۓ\ޡcÞLS\\ŰqV}MP\tu@k懥iRo\\N2d[\f?t܇l6y\{Wx;\C\F\N\UllA\׌^6|\n`~\\/fF,\nZ\\f\\=\w,:\\L\5\{7.8\|1ܾ#\\x\\:V\X\W\|\",Zoy\sڽ\0\\:\2#\\+\\! F\\^\fW\Za#^/	-\OZS\\0\rsJ\\\\\\nװKcr\p+N\T\F\\E\΢PC\\\\\~\gYJ\\\\[ٚ9 tǺ\t\\`e8&Jc\2j\\~!-\\\_\ۯ\c)\n\Nx\0hoK6t:m\\\I(\":\\Vb\њqic\>\c\\/T\9\y\\&=̒,\]\=u5=s\Vi\;J\}6\Pr~\n<ȭ\\\a\`q^\k-W8<.`\zrGD2]*\-up^xXiV˹\\d\\\_ؘJ\O\K\n\1V1\'R3	|9p#S9\\\W_\\/.|\\\+\_\;uN23ۻ=\\rnr7\\\3x\kB}\y.u\3fT\"\r+\tJ8!GQ\5\X}ԱxbR71M\\\ib\$GB\}BY$n\=s\r:\ҩ\\jv1ONjU\sg\;\\Αed?<\'j\Et\-\z\*\na\0XHk\|S\s \\\s\z޹A\+\|TYs\%s\ܠ\kH_M*\!\SrHq,U\)EqQ\َ\\ZF\'v\NMޱ\h\HZ\r\'\{W;c\f\%\\ީ\\k_1vq8\\m\Up\ C\C\}Et1xz\\)\{V	9;HAug\'yǊ\;d澏\\v\\\^0\TyF-1s]1\.rdb/G\9Bo~\7\F\;G\"w\j\rV\Ӓ荮\>=kHett_\FC\=\\x\++u\\(:8ϡ\\)cy\b۾d\ksE\BY{IfX\\0\p\Z9~u\tէ\"\\֜ԋ3G\\\\\Z\\d	\\cҾ\h\}x+\W\8u\rdQ\'ߥ|S垣l\"X\x\1\\ol\\\ʮvA}ʵc\Ux`\cq\'0q\\.\[\\x2\f7\cx\ö:\Qd\\~\8<X%$\.\Jޱi\i&ai<Pǿ1M\L\$\숎\\\7ltA,\tcF\_/]\\\\x\T\Ka\\KV7	NZ\Ư/3ezxCS\\\]\v\Iv\v|AMK\{}QPo[WB\?\hP*)*9Ѵ)r\qsod\0\+\݌</Yc\=;vk\\\rtVV4G0x\KVk8\z\SF^m2F	 \p=k\=GZ\\H{\?WP\\޸#V߅4\m?\'6{W#\Lե\\oM\0\ȳ\	1\0:ֽh\ \0x\YS\n^3aQ\:V\mQ\mck]1\d\0\zbM\ƻ֧6\Z`3\ǵv:O&xm\=\CD/mD\g-\\?\\2\aҥ{HIH\G\\nkr\rj=LBHQ\\Ƴ\b\DD\\w\s5\\\k珌\\L,BCTG=\~%\x~\1Ί\~~x\%\Cř\\R6}k*\09\U|x\\/5yk\\!TR%S斧\/j~(\Nsf\4ޣ-\\}\t\\\,\\h\+\Ta^\\ҬRs\\\*6⥴΋rO@Q\8\\X|&צ\n\\(\\\\'k\4MO{x\Iw\θ\^؈Ǡ$\nOb}\x;\\M)\\M\Ȯ@(\y۵[_@\\Z^2EskČ\`WNѯH`\\%]1\DJ\{Ȯ\J\]\\lZ܁w>\,.{\eF8\HcgLnRjh\8\|u8R_sX)$cAi#\.\3o*Ajʊ\\\nd9r\\Bx,z\1\\e[2\ZoEswEfrc\\=\\ķR\NLc Ȧ\0.V\X\J\ֈ;\˒K*W5p\q\²\K\'f9\\sֳ{B1۵l@p3v5՚?ZUeH\7qY܌TWg̤\\W)k)\;	9\n=\\Q\\0+BW|UVוꚓ<O\\.RW+j\bsѦX\ \\ k\0\\Oj\X\%Wbp)\\l_-8*8\\Y1=\Hyd\8\=\hx\iq\\\=\H3]M,\m\]G\0X//f]\V,G͞	=k\\)\Z\"\\ZL@\\wљQ8M\MSK-nwB:/ 5>F\c!\k\\K1<\Q\"XӊMj\]\UZ7\ȯuidkh\/8QW4\\7?ho13ھ\4B\z֩3Mf[叛v\bL#WiVq14\P*FrGZ[܀!ʘU\\\\;-\l\\\|C?\n\qO[\\@\0H(\\5Ă\A<@ \^\\\&\AcA<\\m|?d˖-\u=r:WҞ76\bI?jeR\nҫ\Xm$qU\\1}\\f;yn&|\0\8\A\LV\\zEy\\=DM\+%e\ެ\\3\\3Cʵ0\V\ϊ9o<\	gv\s^\\'yW\\ށ\#\\۷\\69ŽF\\Ö~h\.),-\\8Ű#ֵ1\\\ZZ|gds]>\"xUCb#5k\1%Ŕ7Hw+\<_\;\\\H\`pH\8542kF~R[&\\0ڥ;[\\ȨMt:m\ZMV\YFp\ra^\/\Z\Zˌ\Ӽ{\\2\Ryc*/*JtRJ\I~iwh\\Y8xU;>\e\U3,\\\G֩t¹a\F㖹\r\֖V9#2\Vԫ$\A^jƤ+͵%P\\-KłKr\Lz\tz\0#Te\\Z\\xݘ\\&pc}\W\*d\Z\	\\#\ \hmU\oi1FA\5\YGc!G\rִ\Zu1\\z\\%&z\Y\cO\GQZqxYm$\\\\\4\-\0\:`\W\\>\"\^Z\7\"2\\Da m2\{mGS\\c;m%vee䨮.d\lP?\^whI<\\\2JW\>Е\9\\\׬Ѹ\\\%Т\-\'E\/tF٦\!\=\.=;SFuG\R%|)\ne_Ƹ=^\\7\r\Z\r\Fq_@KDWa \^/\ A+\n\[\2\m\jQ\\\42+\CZ\oe`}\mJm*FtnpTנE3)3\4g(\\[7*yY;{\n	(QǮ;\|xOz\֗%D\Ȍ\:\,\.\\nՐ\N=\>\\֢c\ht\-ŲURA(3\q_>6Gb\7^pWRO\q\_.%eqhGwsZޯFkk_2Ef\8Z\rKϋ~+\x\0ViXh\(\x_\ZD\[\&\'5\\i\?y\\\\\&[=܆\\tV\\,JX\׊cG/ivc\8?ޯn|ܭ\Z6N<^\\\ZO\\[i@O\>Ƴ6kmI\֛p̎TA#\h\gac+\H;}hF\\\Zԃ@kB\+}V\Z+\*v\kV\\;=ġ\n\}O\\ht\H%&\\(\u8\ǡ>\c\ya\\]ΓE%S\\rqk`2;[2\U?\r\\icv,\#\I\Z$]mlt\*ݥm\ּ\v]3u	.\n9\0V\\:M=\\$\,\H\\_4b7a\8`ߥ\VZe\oX΢p;k\O\|Y=.\,q\Pes\K\-\vbH!OZ\w\\\\\\$\rؚqr՛>ܩ,;\[nWc\SGN\\rIVth\i0?\\\'o\\gg]V\ꊱúmH\\\\w\]*n\\\\ZӠQ\ѤmiaFO\vB\!\a\\Gkk~F\\}⚉7GIi\\\!\+;zWUصۜ\<?:\ЊّVm۫\t/IhB@\\`V%\M\\FDSȮ\0\WW\\\߷b\\UX+t9\]}Dʪ昑4/{oi\e\/<Egiߣ[Yzijj9a\<W\rFD\\gzv4&\~/\}f\\z\M֠\0k\M[UDi\'p\\y41\n\nŢ۴nǽ|㜺dQ	[	X\WO\\H-Sn|\\qԥ3\1V9%\q\J6x\[ffi\$\Z譯\\`4Dv=\uxw$]\ͦ#b7SlS]R)\F\G5\QO֘}/\b\\^m\\p\\銵\MymUx\\"\[2ϭW7AEjfkڹVZ\djM%ĦYO9,ksL;o0\y5&\\Ҡ9Vs\N\\?j[ĳV\P-H\\%J\\ҝ[\\F$/SAF\\uL8\Cд:TY-|\\2r+*=b;\Ce\\0[]\R	f@&~`\\n\t\)\n1W\vv\0\\3,\'\n1x&1\rb#\zf\gi\Z \\e\\\Z\\.V]f\0\}%<}ϸ\t\an7RhߘyTnMvc$\ҽS\>a$g10z\GC\m\$@hc5\>\\+bX	\O\:o\%T\\6шbuc\y-a\ZGq\h$&#\0\\\Izz\C1j\dS\Z\[\B:1\\fwf\\뺛\	RX\\;H\^7C\ڗ~\6}\\\eSު\iI\n$<ѮՇw\'|/i|X\\ʏ,\rus\\\X\j7OArp+\٣¶\ڄ\\\XM\Z|Ǭ\\\\\OXa\'h¿8>kXn,rMm\\M\/Ku\\W\kHgx\	t4\\\<0r\s\+\,tN;\Z\F5\Iq^Ei\\Zt@\XkR[1;\8\\W~i\j\E\eE\Z!FԦ.c#4\&\l\\\\FIG\_x\EAblp\?\\!L1l-붿|\\\q#Ol\\$5\\N\GÆ\[lN+>%K\bM7]@5#>\^Ú\\4d\{㟥q=զ\yy~N\W\]ZGR\0J\׼Vc݇<\|Tҳ\N\_\\h\$_:y5\ů\:\l~\P\f˦8f\`ݙ\\_\|\0s\\']P\6\#q>D׭N	5l#\\"up>oQT\\8g\R@[xw8\'&\WoR{[M\I溯\nx\ڼ\Z̑\,\\rrx8ZTh8c\i\\\M#\>:\8AYNY~=+\'Ɵ\kU\0M\g\n\'9b{_|5\\0ýV\rWMH\'X\\zgkBe|kZʲ%ʍɞU)mQ\\\\\fxk2jg\+&\0Ȱ\0E\\'|.yi=5\K\y\8uO;ZM16\pּ\ςt[\\"UK4y&NsD\̩\'t\\\\˅t\\y׋\[\0sק\}%a=r|,m<W\Z˦^<\\rf}N\_\R\\ \\xWZ7Lard\n\z\9~\L\̬C\5ef6zpG\\T9ɬ\Kג\2\9Ps\K=\\H8֮W3KRϘ@\0溟>\<T\0\ܞ{\W%@\zWM=\"\/%pU\y\sԜ\{\\\rvXZr\\?eh<X2`f|\r\I\-n\MBw4\ЊG\\c?Ү>&\\+6\"\\};\\7(\0G8,#\ZA8\'.IݏMvw>MbZ%\ȭ#\̣<ҶJ)49D:\pva\*΅\|1̰*K\ݻ\m\\w\\}b\(Q\\'AO\0xGQ\m;Q=AUqs\T\\Wj\\\Fg\nT2\J\uR\Gu2N\0\"\K7oֲd\g\.!;߼3]V\\\4!G\{Z;+\I~\\b\K\_N\$jH+\\mo,@,pݏOZ_\0\I\+ŸxΛ\%6o#9տJҦ\\'J0a\'-\-\\\\dã\0\/\M^\E\\\\%\2d\*}.\?\nٲG\\'BO|\Z\r\(hL}\?6f\$#A\O>\"j<\[N\w\'8Q\\\0i{\eIJD[\'v\|\\\\"\>iԵgrⴱ\R[IO|ς4\9?}-̠\g\\>x9䑃p\\rz|ge6\fw\@)s74=C.\">]դЂJ+\t\\}-l\!Uu9д\\ \\Gtmvn\HÜ\j\\Ldծ-حo\ \.aW b3^K\!?2 H\0\:D3\\Q\䬄\\G<\\zךK)H\iz\\]|r\o\Xt#\Vd\0\Zq#iS%GϖI\n\\ZW \yhx\g\(\Z+Ge\\lZfH\mF{+>\wV\Q]ޭYa\r>:n\GZΟ\V\;Cs\\ZF񕧉(m(\&z\Zm$o\ZɎ<s޸\K\wi1\X{}N\4\\/{bGb7ϲ\>g\\tM\\\f^-|ZM䔄>\\$r\k\+z\\]\F\`TM;\ZF\uM:UQ\\by\X0\\+HAG8\`kr\%0\PhZhkk3\x˛H\%@H5^y1FnaT\Xd^u\/1X\/t^$גHv0\^A\\i:\2Q,\[~H\+39\'Iߴ\\3LP&B3\Z6X\۰vx\mc4e\?*>8\˕p~l3qPj{dz\L\\ZC\Zw\\\ڵxj\Wdʦほ\n4ѓo\ȽRcGͱ\gI{%9$`	h\~ڇoʼt\|0a\R\H\n;\yjt\.\Qp\\\\\\\e{D<ݷ\\\QxwN\@oz\n҇MH].@boB\GsX1\0lo|vQ\|E0x\Z	dFL\?*?\\\A\$`1\\\04T\"P(\czO+qWs7\\\yz\]^\	!GC[\\4Q[̖\\H\^\TSmI\8\\U/\]Y Z>\PI&蜶\d+\̀\;	|\?]\L\Φ[L\\6F\k־&t}<V͸_|c\51\7\G!\r\j\\}\L?_n[\\\Bҙ32U3\}\C\6>҇ȁ\\T#o\>*Dy{ cykw7S;1w;rzՌudGs+Jӥ\r\瞵\xml\Z1\"\޳3Oz~E,q=8-r\\@>S\\c6\\΃}褃<\Z\!	\\\U{Z\];_dn1\_E\©]T仈\\~\3h\m\đ\aJKv1s\o\cMG\W^\$/4\\)\\v\\A\zO\>\}t\,>\\z&;HD\0J*\:Q{[fiX\<W\zf,\\Ҹ\\\uoϊ\rvF)\k\Ғ\ϑ|Jڝu\Y#|ř\\wV.t-iA5<\3jlC=k\\7%\ZbnAkh7|\y楎\\p\\\Q$H c;T\۔jI)P@ȨMv=\"g&tq0}k\Oufnv\s]\\Z\dbk7P\1\Z\\%xnU\n>\u\M\bNW+p\\\\k\18\\\W\\ʹLUgF$jfQH6UB@\^7T\f\\\\zj\\>\\i\;\n\jh^\'r\G+KC\k)+\\\r޵\\Zω\0\J\\\i\VK\"Bf\Zok?iM\\pxtf\r\\b\A\nאDlB q\]іF\OJ^l\\8IXY;`\\RLr\QI:V`O*V%GOj\\\F<qB>\$E\\n\\6mN\+xT\\Z\!ȁ3x9\I\ʙ\_1j7;H	Q\}+\-iw\vAǖݫ[\;9A\.{V}umX/dNs㒨\΄\\.<(\pnUd,=3^\NÍJ}9RÒ\Ģ+\X56B\\r\|W[ƚd:\`0\=BО{BҠ\4;]=&I.\\\8KkW	\"\>\{<\zt\\\\\0j\0|t\Z\%\_\"\l\~\u\\c\\"=\\0\<40\ 3\@9_0{\HvgƥSGv\\ZU\"\[\-\̨GZ\FJI-(\04y\\F]\;\LQ\\ɨI\Z\ 19T\0ǿ<ך\_`f\J\SyL\R|\x\R\5K\15r-Koyqf\\\嶏\Kg2\\\kw\tI\a\L\yޯ>.\Z\1F\\"\`\72\\9jmi\-Dʓ0y!\\jo\Zf\\WO\Mk\%Rs\#|\Q?\\GJ\'7\͈7G\\5\>\KXA{\p\WxO\O\r\0g`r)n\t,+)1[4\\<KBSqg\7<O0\'\0\ω\x~G\n\5}\\<i|?- ɒ#^n\\\'uFYnlf\n\ǵ%ud\\ni-nF\\\\`\=+\\\i\9\zg,һ?οe֢xomcdE\6\Gֺ\}r˨\pSN\C; \|nT\]i\PYN7(=\rQOx\O4\k\r\*v\\KnЋȓ>M>wFy_QN\\D`y<\Օk8\y*\^w\\\[89^\\\vzn=\Qq\q&\ZگH`oݓ\\S\\6ITr\k\λ\"C\.YJe+\\+Ygf\w\;}/G\g\+wǾ2\f\D<\\\7tŴ=!\Q\wb\=#ĺ\)\M\b2v)\\\0\\0@Ďy\o9c&\0辵*\0H$H\m,عeCK\Ig\\rg\Z\Ԡ\ѮR@\@\b[_\VS\5`)5\LƂP{ry׉|@6SZ\ye·޼\[\Z\\jƹ\=+F\$sT-`7s\O&[H\1|	.V-\vF=yHػgR\[Y\\\1֠G,x\v4\\%~@\\41Fr\\\Nk[IǓLN\j1*ƁP(\4n%6\\"1\zz\;\(28-\\׭?OW10dPY\8y\ɼ;\t\a(9ޝq^}kVP/೅^9\i_`+\'\VS\U]鶚L\t\<i\`*yTC\zD3\V6yjY\`CU\Tom\Fy\'nϭp?kS\\\u9\R(\\\O\_C\\5Gpc+H{ۙ6N(Ą\lj/\ri_eB\0\PEahe\^E\Z\0M\S.i\lM\\ 5IɊ0`\u\]+T\&\\*#-\4\<T\weq)=\|#\:dחWdT՟|R\T\J<H\l\=\M*yL\\c\umMIKN\t~O\mr\\\"f	%cZ\߈\\.\\n:k\φ5;\{@#\\4QN.\\~$x\[[\\\f?dPqzUR<)\\\z\r\39\]>\(\\8lzt\.һ\\r8\[+j\;E\3\7nIԄB<c\?\kb]ʍ0^+Tx\1V>\6z\-ԞK\"2\U){\ŵ\F܏ּ\n>á\2\܁Da\tW\\>\ZYjO u\<\\g>#j\0\Z|J\'\\7\Q\fsmSGះc\)uB0\\jN3\u\\\\%r\S\zC\26\sָe#KGt%dL9\]{u9+\*\rGu	kӭZRl\:|\\V\O;}B\JD>US	 \\0b\<W\\\0y\"\=\\o1b	;嶴d\x]ֽ+=m^k$cН\*\+\\n\\.eW*\n1B\MR\\j\ե\Mt<\@Pۉ\T\Z\\3(.;`F\jOxc~+[[A쐉\\nmcHF\\m\\\{\tHQO`jդn\\W\z\\\\˴]3Z\!y\Jߍ\r-~x-\5[΂Bvm\qҴfRz.\\ڟ_,7LScuny\tќ\`\'utZ\Z\ZeҌF@\rMq1\T0\DGq\W[Yتc.gDШ\ɛpI\Ĥo>\\kZڢI>槺\\\-0:Z\u\i¥#\{\<47\ZψX܁\\ܳ<.I5_U.\d8\k=4 \\0zPiaVTERX\0M\0zw\º\W\4\n4f8\)c\O\]|A\\OR\\]ä\r\e\\\~x\BӴ\鶺\kE\Cv5\x\q{\w\ٱ4:5㋋xS\49r\';+\Ȳ\<\Zҵ\8l_\X\\\9Jn낉\"8ldV\QٜӨ\\jղ\][\y˅WN\^k\FW1#y\(\DG7n{\Z\\C=u?J\0a-SB/H\iShq Q|7G\\+\C\e \8\W\\'o:\\[\\\c\\@vXsW\\<Ht\i\K\M_5T\`q\\\N\7Xd\lLc-,)p\\&eW\sY=\>#\㿷dz0\\\ᦷ/\\\0ׯA=.\\\\_\\\\\\9p@<w/\ri9\R9\ž+ME\\(\\Z\\N_P5sx\C\5|b\J|d\\r+\)\\|uHvYC`©x\^\5g\*5\\m=\ؑȨ/+\0JJ754<>\V!p$f\\\Ʋ[\o]Da=zu\g.\}@\SMi\\-|֫\j\?|=o\Nef\\\\Z\\\\\	=\ɲ\,eѝ\j4ZH\\Ze\\\ss\V-4]\>\5˛I4\AH+9\\0W\xX6\r<,G݌5\'\\X,-\(A.\'\Ҿo\ղ\\ȖR\26\\9\IK[S\;\K\NH\0W_v\oRvP\?,\0s|3\G	\\n2\\J2@qYA[)b\\r\\j\^\0&z$w\_;\"Sk#s-4e\5pj?*ƤQ\85\j\2\\\\\\\m(<ҁ\:[pHFN0kɴ\-5\e,~aF\0OB\],*X\98ǵs\\bv\]yl(\q\^W\\Yt՚KKDO6[s߈\-$-4_3z\O}\\ڳ%\Wi=l\\ƭWŞ#0ht\fٹ\\w>\Frp$\`\n/\f\"Uƒl`#֦*\יc-\\\\0`\#a\\r\Z\\\n\h\kNk\\!d<6Y[¹\\Z3\\zʅ=1\~- G\p0zPBoa\9͛ȹYp;{WZ\!\{uz\\\\\.39$\+	<\<\\4\\\N\\}9e@\z\\\u\zR	yA¨\\9Nj\'`\D\ie|WE\O.,s\ŰsE\+\\´cIIvZutt{\?}e_\\wk`|L[\\_;\\z\ǃ\\\GB.Ŗ*3ֽG\\Z\"W\n\$q\3+\\Zf,\\0\^\?_ĩ\Z2SUQ~xO\0e)-\r Ɵֱ<?\}G\R\nM`\-\\Z\^XlE\\yΜ\0z\cH.\?6t\r4L1c\\"\u2=/:c\Z<Oo\ZEA\\1ߑ\zG\-\N\G\}3ֹ&\\'\\0\RfЮa:Q\[wjc;\hiP\c\n@\rZ\ZU\?\Tڑc\9\\0VN͊35]&\n-~Rz\G\0V\\B\P*<Kih/oH-j&՞\\q\^=\)+\\\H\\\*9~+N:	C\w1\\L?i.<373\u\_1\	x\[\\\\F2H4\v=cc\'<`ц>i\\'9]\\OHu\F\\l\n\0\5(\6z]J=\<ח\]B\͜oz\I5)4{VE^+׼#K\0G-r~\aU\bH\"@P\\"ZE<7 \or7ڱ7-ӊ\	\\=\ncg\HձN;ֆ2\\\ۚ\KiH#p\a0<]o\;6\`: ^yg\麃Oq0(Աf\	os\*F\:ne)Sp3\"+q\RGj\@lXWs]\k\\>$\wZIKfr3S\p\\[\F\\3\OZڻ\(k&\:\Qn\]W\Fq\4\$X\\\ר_EPҸ:lt)bKqхzm\i,jr=\_\u@\\\nhӮl!O\\{UF.V?8.\\\Y\)ݸ\\"gj9\[\r+\n4)\Zy%a]J\1-ݻ&6HcY?TG\6`iߞո.\'\0R\"d߻9\u\NAMgtac\-NI\\TG+Oz;wS\|P\+yWe{#ҹ?Z\'Q\ʁڼMKr$\8=\r{%x\O\\v\G\):\\\-(ou\0\\\jY.s\ZA\֜ߴO\-\oZW\Z\]\n>j\OSv\š\o\\xf\X\V@PyM#Ɵ(\j\@J\W.5yjYm;BZ\KQ޺H4\\\_$nW:o\fu~XS0dspnP}n}\\'Q\ O<\\olH+\\r;C2T\WjZ?\lZ]+{8gf\"\;(-lz\(J_0\U\z\gjkp[(X猕*\0\W\>\\Znjwz|-\!c>[t8`9\kH-.sV\\\Y	P\\OzFgd\r<P|T2\=i!\\)}AV84\\2ob\zj`\n\n4m\\7\|Q\<,v\\Z+\^5\&\\r\揟^\^zֶ\ݶN	[\Jʭ.toJ\'g\Y=ˢ:+%\M\\@k;\im\ΰ\\I%ħK\\\K?}E\.\\y\\\\^7ȸ\\\\\rܵ*S\\\tN\"\g\_YhT,Я\\\_~qqW\?Ѝ֗*\&A\\\\9b\\Op6g\2\`Qv>Q՚\\)20\YrAY;9R\~Vŋ*{煭\efPWoWd3k7\\6\9\8*\8ڛ\_g|/lÏU\_m6\M%\]{с~m^iTmB\t]*9N@#C\\\Z\{c[LRu \7n:#>+xg\}\K1a\-%\\K\q¹\\r~oG:+_\\\mZ\W\\~+\6;\VN:\iG\S-&ވ\'*\0\t\/\쇓!#>\\B\]F봌jı^FW\n\pz\\\\st\*\0@\>H,\0\D%\\nP\\\0ejRI`\\n˾׍\DUW>-i̞x\-d_\n\5Y&>.vwZs5b\"\39\/Jk\\'>\\z\\\rG2\Č\0 T>(xR\\0\{+nw#J\\Wƭ?I\dҴ\0M|\09\j7^\O$\e\L,1̎~Y-N{P\w>֧y\\\ ֵ+E\_+\E4ݵ)\aGf$M\,n5k\\*IQ\b\"Bq9ٙ\myr5ۜ\\n\׮\bX\\'<\\\\lpq\ָ\j6zq&\"HK0Mr\B\ߑ\3^Q\X\\J\\6\AZ/Ձ#n3yIV\"\/\bFI\(\"3NFi\[Ky0Ty>\Aŧ\Ye\02``\Ryv3R]\r7U\z\<\LY\V]+\R2Et\\ZN\ru]K#%FLXn}w*H\"d\r\E\\\g-˩\\	fr\\\џQ\e}\\\\朲]ZFZEPIq\\\QGŒ9khU\\nX\1[쳎+\}-V6]Mm\\7kJ@<}j*o\\"\0x?Zu\sh,U\|\\涛\\Z棦̿\r \\B7Li=+ޠ;[\C}\\ֽW\Zt\\m;W&c^eƔuQ,˰\=A-\ʊhH\I~dq\he-\x/FO\\O!\;\=:WjP]\rH\U-\R\\gSO\\rB\0u&\07`\gE%.ڹ\'2\reRo\rN\\J\+#\\\~j@7yx\Sɾ\.\\ݖ\$Cpͪ\5bՔ\02\<dV5\r:[c)\qWk\q1?.4\8\\\\\%\Ư+O%\\)\doOz\'ԡLӓd\\'\"f\E\\\l\\{vQ.F3\_^|B\#[\LDwN\l\\?c\'\\'g-Zv<\\7\\~-Dm֐1XZ6.6%_5F\#q/\InF𾋐֍ݚ=4;;.U\½;@7qڡ\<?\$w\Z\nu\\A\hɶ\'\0H>\\0\\ל\ZY7\I\ϥX\r\aN21cz拏v>fa;\n\i[]ItMvI\\;W\v`c	]c\`\\w\'|S\.X;T={\P\\\JGc@U\\)ieF\}\c\k\P\JVӥ\\\o{d\6i<\s1H\/NJ>~\znIfoB2G WhS\\Z$b7\$獥_2>n\\Ս\\\Z\:\\\oe\z<\\uW6z&<c=\wvZ}p\nϥk\Zs\0/J5byQ\^}j\5\Zo\ \@\Ȯ\\8 Wh:\zWK/\\"?V\kd\\ \\\_cT2W\'Ac-\a\C~g\\=x\0\rj2\y\$EX\~$\^ ;i߳\n\g\AWlka\"\\<F\\P5jښE7/$چ\oD>\J\	-\)ki` \+J\AI\\EQt\Zm:I\荹m\\Lo\FF]QUu&E@G\'5\\\\\"GYJ@Ƶ\NUت2m\\\<^\\}\F\\Zӳ\\",\\"\0\\\YiF&3\\'\Uǵc\bt\e#\\~4k]&\\Y].\\\V*2q\oZ\\t1c\?S6*Pg=\3Z(\\\Z\~\}nby#=\da\W<ߪR;A8\?\AZ\,.-\eGSR\-\^\r7\\ZlM\d\v\\5\Z޳-\6Ȧ\r#	2\\1zנhtV[\ǧ*Ky!BQp1{uNґy\7s\\'\"I`\Ѷ3\\kN[K[X#yT\\H\\%{\;x\';OZ+ymIq\\,\@o#\"L\(%`;/\~\Vo#J\ZAZۗ\kf/;Olk{®Du\~\p\i6\\(\\3\/؏\\\h:`,.\\\ȯ`\u\72\rɦ\\Ðk\?o\vUsnNX\_Yx[\V>+\ ٬Vu$\3C{cySJu\)BtT{x\\w#\\,\+\\sėڧī\U\$T\~\_}q\\ZW\P\\D\Ur\\\_\\\Ś\\0JYA\\V\\\\%(mR\	\}\RN+\\\@\k\oMp0NfUu$mS \WrvG4ͫ\U\\w\aMj\q$\n\\'\M:(a\\\\]kqt%F{#\~a\fv\"H\\ns\0JҰq4\wʒ\w?9\\\\\rR\'T\X\\G\\\Ar\ZPH\\+k\9\\\!VFੂ}\\\\\V\|$\\\׸\0foc\7=B\m\\\7\Y.\8\MϠX+(\\B\!_x\-Q\4G\%oiϖ+<B\+\',\bm7\z΢\Cmo\"3b\d|Ai\\W\na\\<4ܟK)c\]m\O_\\\\;4J|ZS\A#ӭB\ri\rKo{e\%3Xoh꺕\\\eU\Fj\lT@Ur\UM׻R\\\{\\\\\!8\k2p~|`fj\nT\\\rr&C l.0xNޢV\'m\J\{\\mB\$\E\\\U\\\k&G#v8\{X\=\T{,\\$\BI9m\"lg?9]\_L\\Ò{U+\\\\9b>P^\ȶ\Zx<\FQ%P\t$M__A\Z\\\0z\\?\ZtI-#\\!8_Z\ZO\\6\B>\GYk\1\9=Oެ\<Č\\)ng&\p퐨-ܰ\ڨ_\\ŽEuw\/+aZ(\+b\?\KQ=6\\\Z}/\Z,\h(m-HN\\X\ZE\G̼\xM/T{+1\r\\r:\7sni\r;S\\Dۯ\＆u\O\e\\㻕	\x\'\̍<l\V\z\r\\\+\\\"TaaF\kix[\ֳ\Z\_i+̯FGFS\^\6i\")	cE|o㎧\r?\:\Z\ج\,\ƾŶu/\cu0C\#b\sIK\X31M\qZ\\4,\<&\GO\WO9\")[o\mjROgCGnc{js\ZzKo\I$yzt\svH\\\\\"G\fͨe+Ţ\&\\\\\wu}Z\\\Zs\\m#I\\\_>\G\RK\E`\l_|G\<ap\N\8\:\\\o\So\紴Ҭ\dJ\>\ٿ\\\\/\Zi\\\dMr:Ʀ\\\ǹ~\\\n\\Zf6[dn޹\0x\Zk\ޱ}\v簯Su\}>\\@H+|^!ci;Lck8\\Qu:LvPz\tonÁ\^SAql/9\{n\\\\\\Vg[\\1L\0=Oj\\mcxBVhyS\sZP\W(+BZ\/\ɤ̯\:WJʼ t\>>D\\n+\~4\\\Z\\\IWqP܊\\\G\o\}?\\0\rzIEh4BpNF8\O:YW3\[9oz᱒\\!s.p溿\\\O\n\\jRmJ\\J:⪫J*\L\_\F\#{p#U\C\\,HW\n\rfCo>u$6\\w>\\8St-f%>RV:\0\rh\'\\"!5eMe\E6ݎzWx[R;Z+gf͎0M vjO\:=ޥ[\𘜌2ג\0bOmAu\\\ g#HuͭA+\HV\\\[H4\\ӕvѐ8\0~Y\Y\M\\,3I\F\0\/fn\t1sq.j\0;\r-^\qJp(%\Z5\$K\tl}Eijl<>7^h\G͜cj\ڥ·$\nJy\WE)\0ݑc!\<*\=\n\.v]\TMQZd\Z=\%~:To;\\\*Fi\\)Մ[O\\Y2qs\;ہ:D r\4\0	\\\V7ƑnfOҺ-,\wmm)m*\F@?Z\"\rotr)sq_o\\\38o@k\mŽВ<4g#l_\gQPH1䊧\rΜ|3g(\y?Z\hf\dhv^_Kx\ZD~@\޸m{\Fw4q\A\^\\\8\\\"\\*\\X=\lw)\X|*mĝ\q%Ζ6Xu㨪֑d_}kKBY!\\9Ut7\\}\@pA,`\gGH7 \Q\{ԯ#֓XZB\m\"\'V\	\|(Xx~\!`Zo\\|g+˿{ץD׼M8<\n\\2k[\\Մl\\\+.K\4\\\5v5F\\\\=v\Ѕ\K\njß@W*\\f5\\'\au\\!iC\\֥tfߌ9\"MF)r~\\0\\n\t\\}+pXfF\\Z\I\S\\yħ1\YR\E\r\13S\a\6)\\*\+\"[\҅\\d\c1^\0\Z>(\w[O\rx0]:DrJb\r\o|aa\=7\6\Um\E\"\\69%\'\\\\^W6Oro!x\Q{\\rN\Cgj_\rHH\\\Yyt\\L@\\U.-t\^Df|\\jl\<\\AjN#\޽J\\)ad\0=\\u\øy\\\_\nx\º\2Y\v?\\V/Us\\\\]\Kj=B\\NɖH_Eni\s؉!$G\#2?\Z5IFs+Ht,\<\nq B}j-C\[\\\_\<\Y\\|%FjyKROs:{%\"\"\\'K<o$Eʇi\D͙\\\0\'5&ܥ\%U9qe#Z\\\s\\o\\\z,x\\\\<Kw\0$^}\\{\\\-P\0J\C^\MwælEY؎\\QYZ%ҕ\S\O\Z|T?\얶>FK\-242#4.=.\\\-O\@]\\\ˏ43P\~2]&(\hR8vr~7)+\\J+H]\Ω0%\T\t\!.\0=X}kԆ9ywn\\\\hnRz+\\0cY%\\P4m\řp\i#\[\cE\L\W;Cm\\qk\ZE$	1ӭihPU\֡SCj/E$%9\k\ x\.\$\8\$d|Ӛ\W̨8\A΄q,)wxՉQ\\\ɞB}}jK\ƞCg5gB\$\n@y\\26(X[\n\\\b8\]Ə\Xa\\S궶gI?cdO2\=\PINw\TM땺\9}\Z\\!\i#\,\0\&R3ӭSv\GG\ւ|0Y\Ւ6Eeb0$V\\\^1PxbkhGF޳Ic\r\\\GSF3\N\\2WC.$\rjr\4OppJ>=Tbg\nW2LՆ@Pϥs\ZջZ\yp3GcZf\\\\#S&\Hf\nJ:]\'W}KNv\,Nr\]\X\`1\Ǟkf\\K\$֑}V;+-B\P\<3 \wO\\rrO[W	\\\\=\2i&e\S\Z֖mJ\\=S\#稨M#.\\\˴\>Tn^v\\k\\Hqg\=k\|Ex~\No{\[q\t7ZũB\JmXOdZ&G\\\\ǨʚN_&{I\pW8=yH{)|#Mx\OYxjٵ{8㍖(\)I\Q߄\\"\0Ī\t\Ps}\?\r\xe\\ZciaʎW\߳\ؾ \]f鶒}v~z\5\\~!\\MR-2\\Zm#X\\O\\\dL-=\59C\]\7$Xv\N\\+z\.`\2\)z4\\\Uv\r\\߆\\0\"\	\hY tM\+bwv\K4\Z\#lCb\y{h\(N\S]%f\\V_Ll\\.\\"}kx\FM֙d&)Fvz\ZBN\ᥖz*B0 \\0\\'º}\o\\Sq>ڿ8া9\_t\\"\]\)2ck\\gt\\$\k݁$E\K4o!/Lտ*iZ\p?-6BXpI)V95\\m\rM.y%0lsקxKĳY<\\4hد\Q^x>R\Z\\5\cе=7XedH\oNw6^F\#<\Z|;q\h\!zw\}v\0NBZ{78߷\\M.]-z᷸U̌Baf\0\rk^\g\H\v\5\\\i:0q\z\uN\V[&dg\w&\0\@P歺m⫰j@W4\[m/\",Q.)$#?\Ky\Q\\4һ\Ëi±M9K]J\c8\=E[D\\8ݎ	\hS6\\,\62+A|Mu\F\<jއQ~\\I\pPֹNV%B*>+\nWE\YKYU\\e=R^T\\n>\u\r\q\=+\(/ti\\O\\F^\K\禮\0 \\WG\G`2i\\P\)ᓇ<J!(3Nk(Qs\GJ5\\$f\\dkx\(\\+WWJ\"+ǎ95\7\0	\	1\'\@\h~к,}vR8\XrcM\k\[\L1\UiJK\aeqkPǰ\It>nߦ\\\\\{8\'\\[c\\|mYl\\C!c \\9Y\˛KAo}P\"m\\_=\0ĩx\KPH\0\_\Z_갾k#{\\@\\e\\)\\\UvsO\ZE%\vq\Xh+q\kJ-mqt\*\0 Uy/e8\$\0\\\kSf\9N\>XJú<Zz\c\\\R=A\05\\֖Y\/b\`/\I\3̧}恻)\񘝑\^O3QATQk^`qƶ\\\\Z\\'{\\Heh*\Z׎9\\a\])5\\@\c\?&&\*\\ֽo\~\r\lT\\0X\Ul<-\cw,YU\O\o&\%)Ȧ%\x?ɷ\RJjǄ\dx;\\\Ņ\I1\z߉dk}F\\*\\#\\sEZ.\\0]\=y\u\\~k\n/-\n\Z\;gT\a﷞)3b\\>[\\\x^\.B\Z<uwWSxpccP\\-\dV؅yo+e`?t\Rl|\\\b|d`\Rvʌ\\n\0ז\\wm\&X*\ǈ\0cM\\&\G5\%S=$R\	yǌ\ͮC\Jm\nk\mUM0E-!\~\\0W\H|M*Ym\\0}\r\'=\\7÷\Z F\g\<m_Zxa49.f\kRs7\5\\jK\.\d,\O\u\\W{I$K\R\\"H6?sssnnƍ-\\6Stdzu-b\m|E\[:t\\[yb\\0&kҢ\T221\][jGxWP\ˤ\&n1\\^j\\nȀp\yY!Кg|E@$c޳\/4xa\\͂T\Ò=UB=M{˂	\0\/\`VM6֞\\,̹BXe@ns^+\O\XrA\P\F\Z3\ᴊFg\\_:xXk\\\\5\\\F\z\4C,Ri+s[XM\\RH\L\\W\j6D\DLwF\Z\\$yYc\4-1%Ē\W@l\]\:Ĳ6LQ0T=j:7\ZPOC\}2\@\(\Bk\4y4a\3^ްr\c\ﴍɌ\ڹgHhK`{[\X\\k~\\~L\2\G\)dgL\c\]\\I-Yu*ͭX^X\2\7-shfS[ŮM#\iWE7.\\~x\\r\Zvb\\\OQ\_Ih\Zދjgpn\B=J\;Դ\\X\e}vzΞ\ʟ\\\Ve),J\\Bы-\\\\Wk\r\y\_B)$ gY\\\\;\9\ҧI]ƚ\\4D[N[\J\5-:Jc4\n\8=+\o.rzu\bxgǺ|Nn\u]\֯.֞\rh-m!m\\yhol.V\\X\&%\u\|K\L\$4|;tsھދ\v{mj:yu\9\KǙi?\SBk<~\ZP̴q\j\g[\Q8Id@>叩_Cuֹ\,]H\\<;Fx\m\\\\\\Z\`i\H~\&+{z^Tsߩ\k%_6M/P4\I5ܷ͝7%\\\\~ \y2-bm(n1X~\\&f\\ʹJF\h\S\ oN\\85\\R\\t5\h6l\\"P\V\\KUs8\]5\<O>sz,&X|\ۮkX?(\ɪ\~\Dq9Iu\4\ăxolW.+,(D`Fz\\ǋĲerI%ЁW;\s\o5\ڃ\Bz\ZP\)x\\\\Z/ʩ\	\X<ks;\=\H^$\\pkо\U.Q_ִ%\a˙?MDѣ]c\r\"\r\%\0w\\m[oR\ast\+X\O⓲ґ\xvՠ|x\\B\d!#!YZ=\\mk\'+m\~[;.@seMgʲ5Ƅ\\ZXv\	3޷,n^\H\0\'QhlZ\!9Rs\cYP\\\"]Or\Z`\,\<VN\V\Ld<9?\nnngˆM\NԖ{[\S\\\A+N\\?Bbl\\JuEe*3\[݃ܚ\-\\\\1\_?\f\S9ܿJn\1\\-w:#ZjRC\+\i\Y\\EW\rD =s>KK)ʞ;\\\\"]\Z0\\nJ\<9\eb\kn,ry!Upsַ\,%TH$zV;\xk	&\_j\6r\xE2c\r\\dDc\*:\\ֻ	^<[qdWHv߱s\j\>F)E\hay\HE[^ڶ\\a+\!\'8<tҡ\\vC\,V\\\'+\\Amqmu6\L:WZq\n,\\'*z;?\\\\K0\0}q\'\\InO%@J\|Qk\w\nRTmد~*|Cn\\%i.Y8\-\\[X<g\(4kcB\{\\\\n˫\j\"5.囩\+\~\Z0Ic2\n \,\R:a9\<\\Eǖ={\{\[xn\\6lbI\ڶCX\\M&1`my\ˈW\}k=\r\ZpZG.\sOsڜ\\\U)c]U%r`\/G@@\.Dj#9N:\g^x\KhToﶱ@:t5XB-\"Yn\Z\7,kKÚ=Χt\c<O\n\t/YX\s\Z\rj\tZvcoc\bߝF\\Zw]\݂\\w#sG\!R\O\e\\\<7g=\DLS\XSW\Xm$\q$uP\}\i\Mmomu	Px3^\\Z|$yO-r\_\'\\PH\idmUV+\,\Vh/\;qU`ՙF\\0g]_\6ȬI\\~\^\.%ѯn,G\\z=ƽec%\\|\0-Xn}+gK\߻t>{EqRic\07\lv^@>\\z\0@<.O>W\?[2-\02\#|QJ;mnYѤ\(\\?OzFm\\hIrx\\]f4TIh\'y?|Dn\}*=^`^9[H\':妑6Oj\\\WЎG.ŉ\5\i:|,$7J\j+#=X׭;\d\\\(elj=\KLxXp5ǃ|K.2%b\0\\:I\"\T9\2W\\s\]f\\ep\0k1&}YXj\\"1\KNx\XY\"x-\*\\r\rm\k,wS)m%8f\|WE\rQ!*\\\+Mѝr\ZObGĳ\(\\g5n7:U\&[9x\z\n ,\>6]6\-&k\5\`\oC\VZ\\'|F\\k\ṵD`ws9~0=+\.΁\"1\0\?x\oZ\_\\-أ\r[\}\M顬78xȻs\0j\\n\\\Q\VIw_Mܲ|S^Qs<2\.I\\"Q\\\	y{%Ý\95\\	\\\.\\"rN2q]7~\Zm%WG\\Z\0-7\m4\r>v	װ\S\A=[Xe8K\|09i\g\>Ыh\Ҷ\{I+\\K\\7z=0V瑸\\\\|\r\\\le\C\p\k\RԵ4EzK[[\4{#\N:W}k\\SI\pn]\ݻJ\	\\g\\-9|\]):WCc\Ii$\\s<VJs\Zj\u;%Z\A\r\\"V#c4|\[O\ƼF\U\޾݃⇂MC\-\"\xD=\ \ȹ;\Z\٫\"𔶒<WֲA\'e:oxAl$@4=\\n\\eT6\ K7|\9\5IvFZAȒCjCRw\Z\ bn}\/\jw)\	ǥr\᭞#	W%Q6\\x\xJ3\"\0Ҏk\n[|΁e ļYI!q\[{ywh&\\\\YW71\@cg\\thŭN\'[У}\Jȿu\L\܈g]Ds\4ebx\)\\\\Gjɢ\r7E\n\\	0ӌ.\2`\ҳ\ VhNG4\\\\0\N\\Zͬ,\\͌~|\O1 \n\\\\:AhY\0ϖ=MTn%{C\f\'5]ȶ$e!\+ڿiE Lflۥ3᷁h\d(\D7rpW3ڼ\0\\Y!\J,\.6#\:\Zn|\|g\G\O\\\go\\\޾\\\_Xy01F\=\r\|%o\D\3խ\Zޡ\$\\N\\z\֫%\\ϕ؜OJ\\\d\\y\\\C`עx_IPC,xc\\n\\\M뵘Ez׆HDee<dfW\l\1`#e.\]6\ 	FSz٣?u6۴n\\rYW)xVr<:\S{ɢnS\I\\\"?E.\QH\FWxs\\\.T\Ž!\0>\ްk\A\Zܷn !\\b}j++\\2\qn\0\{_\l|\\\L\\\"n+m.gԞk3N{\rF=\{b͍}U\\\\\\G&k4\Z\G\kz\d\b5\\'\\6VGLk09ɮ\L\n +,,A\a^\\\tt\\\\¦C\f^qylQ\\\\sN׍Lh\!\"cXT^2X\r\S\=\/R𩶽\^Ls\´P9\\k\5X`+.H[V\hǥs\0	WhS!\\\p!\fpsM6\\[~\\ǥkf\E\:\C\\r4[\r\"1\sZmk6F2#|{W\h%\!xֆp]\\Ė#/Qk\tNnE\02\j\Kq\\"8\+\!\[ّ+\|:uX\+\\"uq\s]*\cM\}\\-\&\)\E[\\ Զ\\YH0\8ڃϢ\\"\[6m\J?\+3\vg$\4w*`\paJC\"3d(\E\\x\{F\\\r%sYc\;5t\K\\\{Ծ\r\"\\\zMs\\\ZAT7\r݉r1\Nk:\\\}{}\\G\o	Q;5\\\>H\n|x\+\5_Hd9\'r\8?J\֯\v\1;Er\E\nZ\IG\Z};p\=\\\_\Zien\\&\OƑk<v)S޽?\\#\d?lׯ \uLn[kW񬜯i\\/\\0\	t\r&-N\獎>ջV;,4\"cČ\0WYr[G\Ac]Z\6\\?*׼\\o\\c\\VlzT\L{\\x\\0<;ld\\!F\02@E{<}iLLFI?Ib\\'\%ū\pѿ>#\d\\\^\Rvarާ vI\0\{\ݾ\'k\z|Gip\?h`Hv\\\2N/I)\"F\Z\R<z\M\Mo/B\Ze6{H>f*2	[60s^\\\n[$EK\\rkXǙ\R\"o\B\y.\4\9Dcһ\OM:(]\aܒbXVvK[t\H\3_\~\\1\\]3lG%\\rx4K\"\[&iV\\ONEY\>(\\\\\'Fm\\5M=M8LCO*Ѫ\\\\0\J\,.gX$Z\\\x\[mN伙(Cq3\>Y-䵸\č4yǭ|V<\˛2d\$\\\0zS/&,)Bbu\z\\޹_\2S\n\u\\\\1\\\\[\r\\\7\\pH~~SlO\.	\'#\|sxjWֳE\e\'X\<A\\rUu1\"[[B6=x53bM\\MoT7R8\\\GZ\\kN#ߜW\\C\/\^Dr\!>i΍*IUPUA9\k;o/)\$KF$ \׹i\\rmʨ&_P\r\\p\~bG&#*\\p=x@\Ŭ-J{i-JG/2ef:t:}\a{o4\.`\t\\060]r@sU\k@\\3\wjܗ\\\u\W3\r\\\Zz\a{ۘ\<\rͳ\\^Ũ[>}n\0g`\'mʃ\^<\a\v\\\0圌H\\1_Df~(\\@\oS\RW܊\0\\8 `\ǥN\:]\D֎\ZAd#G\*\.gӭitL.r}(\\)\\yϏG֞C2\Ќ\~\ū\[b\0O\0Zz\ĭ@\rp=$l[!\og?t\v\\\\٫\hzg\\\\r4\Hp|\$}[_ɨir]\<3H6zcָ\ \ˡ{\\\Qs=\4Fg<v\\]Slt\Z6\q\#\F\0\n\\V\\F\]\GZ\\ӣԓ͐\8\U\q\\\\;\\\l\\en2\s\\\JȒ \\5\\\0l\mƝ>ɐ\)P\\f\nc\QF(d|\E2\Sf3I0\1z\\mo?EҤ+\=+\~|J\M\y]	Ll;gҾ\\t}7UQs\r?\cW2\L\\q\\m5uh>e;\a\dдۋ{;dbq\]_y.J\Tniz\\\x]O\\h4\\!%a\{WE\prJ\޹x\/^f}:	v*\H8,sTaI\[X-\Z;\\m]OEz\\\-goi.\r\\Zo\\4(0e%Ďk)6gDm\z7\H\B\Cۉ5\WaH\m\)\w\Z?N\0\\#\\Z\\4{9|\T\*m\\/5dCkq#-\(mduu-6o\rEX\\\4ȯ\8YWu,hCJ\\0D{!S9yX͉\֚\Pl\\hr$zR\\Zֱ\\R\\d8\\ +\\j\\;k8;\\J\\dH.\\I\\"s2L\\bZx\\Vby\\\\|-V\\=\6\pqt~ߤC\\\^I\X\r߇xE*dU\n2Otֱ4H\"\\1T5f%Ǥ\\|YSoq0\_J3O5_amrJ\V\\WEA\\\w\n5uD-q3\@9f=1_֞\`\(\\\\\\\\|\[0?i6\'\\t-1|7MC\Z\Ic\4ԝIv\"\I\3e\'sSVt\&\\f\P:նDRM\n񴫰7\0\z&kx\\L8\\G5\HdY(~S]=\|39[^~Rǚ\la\'d\\Ka$\r#\v!U*\#X-Ťly`2KV2Jb\'lFx\	\yצj\\\\00+\Nh\,\v]0m\/p\tⅬ>~?߳\\\Lv\\\_\\xY\\\\i\dn2s[ǌ.|qR\\\z\$H\8\{o؎\q\\m\Z\4e<eny\ڙ\5@hhwG2\\q\\R\s\]\a\\u\\W\8D\FI\z\_\n\\:\\\"g@\Z^$\"(;\\Ǌ\{\4->\\\້F\\zU\R\%9i\Fy;O\'kIH\kѴas\\k63v\"S55\\t\E[Zj0F|\m_ZS@\R?\Wص\\\>iN\v0qvf\\w*\r8\\\WX\G>\4|Gt!\5wQo^I \\\c҃Xٷc\\z-\b\w\yċ\Zs}+\>\"\[\Zz\rGi\\'Kܴ.\_o\"`0^g|%Wy$v\\0\v^ւ\-nyLMoI\c*N]AF\_Zd\ZRQ.MP\bhX)EQ[==kJH䇺76\&)\'cZ.o,\nc\鎨\G?s\\$E#7k\I\d\Ҏcw\s\\@sYդj]+\\\kI_\0u\U\,\\֣\6k\ZpS&\Vӭ\l1==N+\tO\xm\S)8\+\_஖4ٛRUo;k\̣\WM\\A=\\k\Z\kDWk$Q{0bk@\-\[[\\0dL#\\\,g*\=\t&)<Ag0\'_J\҅m9j:-;G\\k[\7>\\'ҴO\"l ȣqҦVMf\-CGKjNHj\\ZAu;\ޠ\n\ob;W4\:n\\\*\\M\6qH\"Om0h\t#<b;R\#8\ֳn\\)p\*@ݷ<T\Ò<s4\nODcu\\G\\d\_z6\"(gM\dW\DEH\\\0,@ӿ\Au;QAN[\\rH_F\\\ų\n2\n\kM-YZ\[42_^\\n&\\\t-\r\'\@̉)\0v\<\\\0\\\Xzk<d2ںP>զF\n\禧H,/nˊEx\\x\\\\\h\\o|jIom<[\Hlo\"H<E`\\\0\\_\8|i$fLTF\Z\4M\Tq&\t\i\\/+\5\>9\E\ۮ\\?\bg湭+V><cm%\2{zڲtu\Lk|H\.+,j\L|\k\\\>!|N\gh\`\\޽?NZ\#y`]\'\0sǭx|	\0	|\\m:\-;tb{(?ʰU%&\;(E).o\!x1gh\Z\eč8cҾŤMz}\nbO)\Sտ\r\Ϡh\ZY\\̻v\\\կi}$6<\=&JDsZUiG#\ʿP+\\-O\e+|:\\Py_o¹MJ\o$+c\\0\?`Y/biK=Xu=\j3\[\E\\k%΋)C\ \0=\\o4^\\T\G6\\N;\\:_\nQc\@q<⾌#c\([\H\g|d>\n{4V\_Ck[kװ_J*}\<1\/\ZMO\r\s\Ν\\ھ\EF\Ӟk\r,ZA\_tCvўsgeM\\8J\$\\\z?gQ\ntM_JKN\_.9\g\]\>F\+XY\%U\qai֓\GP\G5KaڨP3i/r(\$9 W\]\\~\Zl^\\,\\nP3 \q\J\Q\]O\[\p\\:!\64\\o,\\\\,H\	Os^`\tm#M;\;Wx\f\m\S\V)\/\k$\O=k\\ Tx>aFk\>\'_\\Xx\\G5믭p\_H2X\ZoJQ8,\)\\28ϭ\Zt\l*ڶKg>\W\df<˵\^\0\u\.\Ry\nI\\\\"\FQà{dt\\o|:iZԖn\\"\'%OU\"ݳ[{Tkq{FH\'#IQV>w\Qs\\r\G\bҒg	}\\\\s_Rx\ռ\\\/VZ;\\\{\G@\Fx!ۡ}\\\'.Ѽo}\J}=\r&ϫo\]2i0ͩmA\4\m\\X`D\y^\l\\	\?)\\\\Om\|=*l<Ч\'5hyi\5\\ğ\Xiօ#2+Hz\\弟A\QԹ8\	6?\\\\ZLc\wZĭfy7\/\r5}z5:\J\\z[\Lo\q]\\\Z܌e\\Ny(f˓\ؘ֓E\dz\wMc\9\",z\G@7֮ąi\g_kU^\64\^sOh{{\\hzJ4\-ۘGEsźfmys0e\\'sXԟ*\h/@aXǏMi˶\H~\Y\0wqƗWȴRD9\\\%𕞙\M%\mc_!O\:\^\%܆(\8xu\"PN\6sJu`rkn$T4\NȪ\Z.\\FĶ\\\\p8I#\#uVBh\\-Z9f`Ƒ\k\gћV\nODa\CF.$R\\0\K8U\!V3h\Zi\\]\*v\\\ٖ\nɎםϣx\Ԙ\;N	\s\!&Ҟ>Z=E\"\\i$x\0Ƭ|UU\߂Z\\.۶@<t8gP\R\IV8\\qnھ\0\Sd\\6H0ם\s\ωUjI\{׽xn\/\n|:{W2\~ᯅy\m,\\ӹC\CanO\lcU8\7\&\b9K`e@\\$\xk\\{*3ߥsf*rB?\riY0\Y6\52:\\˺5<\\\Llp\2\n]m1\sgXɧA\@Pzf\\{!\0^Z\\<ݝ/nk\-١i\I.A\j\\\Px5nnH\\g<\\\Zo-\^h\g 	c\=qN\&W\\5[WFM96\\籮\ᵧsbZ8\\v W&\JφI-\>e;\LV\\&b%\\bm;Ԩ\R\\r\\\\\͵=Kw\Z1A6\vO\zf~T\\ҍ\\ֵW\9m\\\`u\\\hHGfdX>_=	CZ\V\\ZB0;d\0iT\rK\{D\Z\N&\\,\' zTS@\\ٴt1.aT\m\Nz\t\X\qY\UhTcy?Gumd\nu\\r\B91\+ؼ9jzt\"mi	l1^\\%7\2)\*㷭Z\C\\~\iYz\KU%ͻYA\\;\85\K9|\\'M\wEooz诞ٞ\F*\\VQL\ZRGc\\u󲤌\?z^\Z\f6,FI\\\Ӯm=\	\M2,f\\ܜm27˟L\|iƬNG9SwFD:\_Bd<erjH\\$35\O\\}k׵;{\hb\m\}_)3H&ncٹS\+Iq>\٣գ$ F/񦙺9!xG#5\@\Dף\R`Ar땕}~\!/{ALv5ʙ\(\S\\\J$p+\\>\r\#I\0pGOw\\&%>`$yn\Nx\ORvw=\}}19q\$KPm\\'y\\Oе\'M\'l30\\v\ywA&\W\n$M!M\\\0t\u붎\\\\o#ncs75\ܫ\Z+\$\\+q\fwеum#LEr9^\/%\3\]nW,W\ZKŬ\t\H\ZDF7H\M;\mD\Z嶷cZZ\\IH\\G \\\\\\0o4HQ\X^ZZ\\MN,o[7\\<FS\nK!\`\\\Q2;)˚s\d\r[]b\p\\\0sw(\73O\@ѫD6\\ikj\Xč\\W-nD\"!bf\\\"I\0S#8PGsQOro4cAsH\uƐv\GZ\>Po(7Ɩ̾`C\\WépF}rsu<BP(#\+>Wsg>T~\V\\msL6 ))\q\פYف\\q\'y&|yA\\e\Ah~E\e}\\&\bE{p_҅k+J7Fγ]\\|\"\\T\5\I\eSx\\\'\=s]R\\ӭ\\rP\_pl4l\"Jq\\K4ɜK\z+\r	4ɂ\	,qQ\t\\ZH\ge\ˍ~\VmtX,/\59Vϖ+^\8F\\Cԭc{;\\\\w7#L\Ҽ/\oH\j>w`\\5\1Zܪ\o\y\cmê\\\\\{\NՒ\o2+I0?*(\)-At<\\]B\[ܼұw\'&3\v>K)-m?\\\߃ák1\H$Ҵ(cr\\7G@\zVVѼ2ȝ\ZFv\ۜUI4+$@b3NX\>@\`IR\+Vl\ q\5\"gW\ɼU\qZڦDR\\;ya\6\\'h&4\׀}\^K8$Y\\pҬ5ߋ\\\iwPK\\\y]\\nx\s\]\0~x\#K2\\֔QD\\[؇`Px\\":q\T\:}k?N{l\kqpϜՍ\\rj\rKaez\&i\yO\ϋ2i\ɧDѓ\\ \_|TܗW<n$?\Z㿈myws8r\#nV5\4\0h\nH.Dc(+\Z%\;\rPnIn\\Xh\Ո\Z.EYy2H,BX\Cڵ\c[3K\=9\\Z;kwEa\Zq2fv\\\p\3\#	ڿLKL\rM\\\\ڤ9\'\&8\_U\AnG\q5\);*/\>&:mNЏ\W3\{<\Z\_Ě\ƭu\oLz_\I\u\ˌofS\:!Gp8\գ\K\rX$;׭W̊4\n2Pczi>ԬRFiF\Si\x^j1\\\yޫ;M.\C,)6\,z\ruS\<+,S>b\ڮ\q _\Ɏ{\Z\\\\g\\pZ\T\aQat6K\Ns]_=\uID\0f_,ȾF`fW\n\vz\t[O\'\e;c>\\R\!uW\?\0x54يjdS\\%׉\u+\^v.X\]\0\m\ke\m\Vx,\0g\f|>\y6ʟc뢼\#4\!\k]\\6@{\0J\~\q]<.͖ܜսni-\^ͷg\\RH\b?\Z\kv;xnteuKFMzVe\\WxS\\\\\x%}k\9⸮]9H}ovkk=k<~s\\Z1{עh\\\\\2ʜ\\\\b\-\\P\\j\4\6;K\'ʹ\borEҵu\7P\@\}\YO8\,l\'W1Y\Lkq\2/\\\T\O\.m\'\B=+jVes\Ɓ\^Df\	\v\\n\|\a\|[^_\\2\8֣˱0\\Nښ^\!\ZzMps\\/\"g\f\'{VߌNpe`[\\n\\-\-.6\\	\\Г\SڰZKi\'8\\0x\XW&$y\5\x\0ɮw\\'\u߬l\N3\\<c\0\Yp\d硦皽i]*\uc\T\lu\r֚Y\\\\\\\r1\\\o\\\'\q^GZ\4EC\>9\s]4\]X\KTs3G!\B{X\<K\>^]tY\^Cɏ8a[?u\\\Nۙ$~p+sOL~Ҹ\n\\\Xq\\I\\'W?:һm?W}펢\yh\\J2\H\\\\q\V_k/c}\4ˆO=Ǿj׌t#ia\\9;4\F\\Q\\\\]Z8h\~B/\[1\Z\ru+-\r32\xZ\qUYW/.tY\I>\hND\}\n\n쫷{-΋rvڭT4.Wq\MH=4vipyd\\\\ҽs\:\\z\gC\"_\_Cģ\$h;\Oa筵\E\p\\Ew9\QOg%/tW_I\}ݧ\|G\o4Mʜ*c\O{\Ocq)/j;\0\[\z\\R\Pr#BY=\\\}\n\K\$21\5\^.ocٍ)F\g+\y`K\\9\^\\Kp\\6W<\UmoV[iX)\r\y\\\2\ۻ=ESJ\\\\2\߯z%˦@z5Λ($\\/֡h\ {Z>H\Q+Nn\r\\QSA-t\\\\:{VgKs\FC\\\\r_1LA\\=\\l[w@Hisw%5\\*G\y-*gr\Z~eYUUQ\=\\yw\7:\*\\i%}5+kKGk9\P\VLMq\Zj19e?\\\\\&\\i| \urx\֙,I֦\\U97c*J\\\+\4\\oZ\hǝNx\0,`\1\}r]i\Y|\\\\\ֵ\P\0 .\rkr\\ª%ۃ\\\\ri\̤<\' Sd\\c<\\"\HpWKs)mvƬ.Oc].ɬ\rFj\\6\sՋŷИ\U#\9\M\6zմ4G\"|N25\\\\0\04\[NX\uRo\\\#ڼT\rb\Ә\8\GAO-\Z%k*\U\]?$Ye}ӿ|O\|D\\o\\([#*>c\ִm\n\rڭ\ԙp\}b|*𭟅L-\\\520\p>\޽r^Ć]ëug;~\rQ\8\䵻)\qL\\\[=\̢b\W\0\\0\o\<Q˧x{P\LyW\\C\C\1h\|\\Ws)*\\\u}B\v\4\ds\M&-\\I<v$PkK.[j\\8\n[3ZzvoAMأ\y>0Ó\\&\u\\CZ\Z&w\\\]\\cu#߭yƛjm\\lݻXa^-čڅ\[@QN5\8އ\Ush7F\\\˓iS\G\\3Ɏ{q8#d8\\|\sy\9\`\rF\cK7)\U\;\<\,\\\\Fz\tn\\gaM&d\s\r,$\9a\W.4\WI(\K\0楾WX(S\(׊\'\\Z|h\#J$p\9<T\:6~i7\{`X61Q_*|4k{hyM\"o\\'\-\\'\spCɎW\O\~ Y(lDU\٬C\u\ u\\\5֦\o\Z\f$NN\AAY\\FQJ$\ѭA$P\r[\0u\ҙ8_Z\\4h\\r\\0t{\&\_-\\\\0Tght_౪k֚6<\əQWy?aoJ\Z$w;\[\r$\\\C_I~\~\4M\\LQ1w\drX~$W=K\nJv=\\\\\n\\f\\b8$R\^\+\UuI\\\\7%C\5%wuh\\M\\\g\V\$RGC\;yn#z\04\\dTeu%\\\kmVL22N_\^EW\A>/ԗs\պFqU\h\w\\\\(\r\OJ.m\hF\r0ִ%CZ]ݮ\\R\zđY\\\~{\7\0:g\\_\\\>%\0N\c\Tݓ\%ԞnǋY\*ֵ\\89\\\j[BfrѢ\s\#\\\\\Z\"_hr,wY\^ҺhӻSȞk\\\CſuLt\\bN+\\IX\k(Xm\ˋwv\j\R\^Nk\<_u\;Ac\\"\b9\c9sI˩\\/۵	&ضJ\<7A<NӨ2s\INrN2*M\n\\l\\\\}a9Ym\K\\d\\x\r3J\0JW\0t\]o\CU\]\"yo\\y2#~}I\\ϊ/;t\\\x5\\ V\N\\$%q\~k\}:;N;eWo\ӽ}KO\Z%z\RE\MUџ5:\\^)\\Y6d<`\\"\\|Q\r\\-DϹ\Ɵ8\$\jXح\;|ZՎ\w_d]9\2\"\raX\<}? =\\WI\^\),ҫ\YGUZ\\j\*=\[wDyKw.\\'\Cå|EM\w/ŋ>\M\Zđ\rAl\\\|um\\Z\\#m؂x\_Z\u\=wR\gb\wpdv-S<m\\L$t \/q#rk\t9\m\\^o\^\\W\n\u\n>#>\\ߦ\s\\\'\N\H\5\cH\0B\8\_#\Ka:\\V#\}\+#R٭#\}~X\\\q[+M3`ٶ\T\dUT[wV+\t\cj$.{\Sֵ;\V\\8c_ٷ\n$]Ǆwi\\r0Gn8ir\\vd^\\o6\ۉ-|G]\m\FZĆf=+\|~%v^!emXLçC^GCᏇu\n(\PUqhOS	\ς&\Cg6HK\\7>\\r\&\̙\\\gv5\k$rP5Fiࡣx\0+1oF\>\QM]\\:\y\^=7SI#kb\\7K\0\\}k\<@V*\޾8xϥbGf\V1JQZF^\&t}Op\<9s\\s{\?֯ޏ\\j\6Dγ\\ro\\nx=\;>\#.\#c\K=ns%\oI\A|\,\\ԧI\J\RY{g[1\2\:;T2c\\\{\\\}\!.\8z\uψ}	\6u\u\G\Ё#湪Iluы^G[S\:?<u/\$\0d\0\^*]\ \\n\ԼIw\Kǿ\.$\C\FI(\k\}=Ă@0\R*e[Ym\bi\Q[\\\|`䯭T\ZBh\9f\z\_\n\\\\޴C\[\Q\Zt\0V[\\'`\\U]\oijc \>\ZVZ\Ɨ+=-\8\zn.8x\\Y.\֜\NQ\-\\\\c5K]\!H4\\0<ø\5Ʀ\K) 1XwwM4*\^\:ʺ\\"Tc\\ݠ\w\d\	nT$朇;O^)\Z\K0\y\\̇F ʽJ\\s$\-\~\\xNК\\\\\\|;\nF\r\	\ND*G([\V\\lHc\r^9\Z݊W=\\\\3\7Țw*nL.\5Z[A+Î:V#\9c!B\:X\\fp\g\jm<\\'U=\/ij\\0_\\Z<\*ɸT~e\ah\ҭ5\\o}Q\Z`08?MN\޿\\\"\PƎŸbz+g\]nE\gcIn!\@̱\ؤ1\2\[?ǔ\\x_B\:&뫎I+\\Mr3?h7SxkDf+,\xr8 J\\\Zۮ\`\Zv\ws+4R\%z\f,sַ\c$7\'5kO7S3U\P\(=+ӣ} R8h-ޑtޘdLr\r=\z&\H)\\%ws\\+5\j%(ŕɯRд|\e\(\*,b.<r	$v\\Hʢ[e\p3]\c8\;Yr\tg\\m\%շ_\A\\w_ji\9\}^)K[ű=\\N2\m܌WڒxbD0\\\\\k\x\P7Zc\l}w ַ-\'<sO\3[8~%q]+w\DN8F\<?s_5ݷtٯlcR\\\Q\\n\\\\\\t;\n\O5jk\\\pg/\\\'9`I(\\Z\Nv\F=\\}|!*&q\L\r\0s޼\\\\U\2yʹK2\\PKs\\K\\\T3\\<ԏ\u]e(\r]8s⥐\䚮k\r\\jBE\GZP\rՈ\L*ݴ/,A\0w4\m\x\+\\r\ײ\NUH\+\umF8A\]z\\\nc\Pq\Q\(\,\Td\"8\Y\0z\\~2Ԡ/¿|8+\Z^-1b_\0i:I\\\n˒\z\\"E\]f\rjvwemM_(yl~pk\<9,\X\rȫs\݊\+9L\Z\(b\nT9\Q\\nV1toU{>\\^\)i\W\Gs\\"	\\RLzVǃvgEDV\鎵i\;\\"x\DpHYJUt\nzw	6\TG\"\"Xu[!&\]	\g\G;F\"T\udI\\ۖ:\$7AӯY\J9#sW0DD5H\n\x\-=̳!ͷ \8I]G\Aï\ndi\.*Yp@ǭ~m\\_x\Ć\f9%z\mLPGSC\\0ucA\ֺk\Oe\rcmY\\1\7f?\Ǹ#f\Y\\ڶ5\2\n:\n\\6Ǻ\!?Śǳ%ދ\'\\י\kJwB#\\\\Wb\\>H7#*\:z\<9^\m\E\R	&sE\u8E\\f`\D9ϰ\\i\K\\p$j\\6\Ө\h?gixeKVmvm\$\4\r\0s\Zi\"\\\o\\LȾ\\"5a{y \\׭#\\&0@\\ÇXتVp<\\1\7\V\\o\r5Kw\縭Y&\rocB	#Sך\4I\A\x\L;C4]\g<W5LaH\\\nM]+\r\\;̷1\B6v\\\0Z\\a_1\5\KY\\j	#\\\\Fb\\˞Bw>B%KKO/xٗa\m-4\\!@¨\\\3?~7jWj۬\\\@9\\\q1@v6;Vݭ1`\wr}U\w\\շ<Ezu\\`kH\Wa߁\\\Yެ\t\YFvHZ=%Ė\6\r\\\6\\$1\H7w#@;\?[؝bi\\ZL\"^hn`BH\ZϷIO=9:n5\07+YI\T\;\nu\cË*dUa\b@H늿a,*\\n\1KY\\(\\:nSsW3)\0(\w|K6\]˞\\\$2zGQ[dl\Z\b\Z\\E핼\*D:׊k\\o\\\Wu\dVʑ\kϵ\R;øk9E\"\&݌{\\$Y\؞Ɩg\\)\'M\5xTИ-\F\\\5J\\\\'\\i0Y>\Om\N\j>M\Zmc\	g$9\\%n\x~i|\:`u{H\<ݿ`h\*)۫3y6\IJg՝\Yo2CYW\mP{R*f\P@^Mf˩\&T\njI\S[\]m\RC+sԸ\ecۀi\U\\\"	\696N\(w\G\0Է\\e$\\n{߮A\dcPj\0\t\]O!yy;\n\<+gbٛt\GV<VOo\\ƒ2\oA\u2y\Z!}lW\JVv\'6\)X\\A5\G:;B\AЊ\K&_Iv\'E7Џh\-b\u;[1\\\ߊ\[O`:zy,\\\z\\@۔õu>Uy5\\\0T\\֧h\J3\|\j4ف#\ҡvYUy\0\rz2|8iWS\M	`v\p*\>\0#s@YS(Kļ\9\k68VEf(\\ZOt\k0\\\M\M\0C^cxz]!&\,g;P\4QLن\-5jǧi\\0\syR\Hp+\ߋ-%񞭨	|\f\\\+\gV%m;XN\\\⼎\s;rx*l\jQ[<\\GR׽,Q4\֬	\m\\`@\ֻ\h+u0vR\\zVVߗ\ZXvaVTP\Z\0g\'sG\\rY\Y\'A#J\n\Kd2븓¯hR-\aabH\ݮ\M҂TR\\~\"\P\\\\nG\\Wi(hʼeT\"\r\K\\rp}c\:%$	-i\0n\g9$=\^Ѽɔ k\?\\G+je\ʑM^?{Ɖ\\\'\s\\X-\0\\\;ޫĒ\l\\J\.!\v?£P\'\nFPk\0sE\\FC9\^\];;8fWX{\n\\vI;jT5ԩ\\\O^&[ӧe:\I\_&x\ų\j\"͑2\^Kďis.8\\mt\\&S\b\w\\\\#7>ԝM`u%`=jH\?\Zo\\'\4(\\`\|?\\$]\\V449/)o{g\\=V\ \,7ҡWD\Z.wLܓh\egz\+\we\t, mˈ;\s\5-ƿeks\\Y\d&;*S\\]N!\$\n8I\{\]RR\,e;.c\\?\++\\r/\o,\8BrQ^k>\g\"^x_WI.QC@ۀ\~\:Ѣ>Ee\\n+7k\<?\1\\urҟ.\l\\TeY\\j\\<\F\C\Q)\#Ҷ+\f\:M1TuZI2\\\\Z\ݦ\y\\tK+h&5\\\UQ\rJ\VXnO\[\\g\\V셩xnם\4ĂKk[C\I\G|S~\\fak?c\'Ͱ\#<A~\ZK\H\;n\l4\1\im\'7xI\&\\m=hЮ\/\F7rOO|o\0:v\"In=S\=몄.\\ɷ\'d~oiV\V\F%\JX^\\\k\l\/\n\rxσ\ީFq\\0\bI\z\\\nYk\"}\.\\\\\fh{]\da\+X\,ެ0wAD\B8\ib]/H+$f\7\k~ɛOeyr+gc\OMf\0	 1U\?a	>\Qf\\\">\"\ip\β\T㐙\{~w\\\8|\\0m#@ =?J\^\\\^:2j\d\\tmA*3+yMK\XV\ʞ\yLאm͓+Nwi\G^2`o©2cix2BKxĩ\\\\Zf;\\<jq]\\/n؍F8W᨞\Y.\2HH@\\*\\'\PٲF)~.{\_\\ȇ\"\k\u/\rB\AfTl;X\#5K\k!\<c*\Ǚp\ނCGn|\ӵ\%\\ۉnI,xiK\ \\\elg2\\\\\\w\%$P~\\A]\qܸW<\\\*j\\\\"q\\`X\dR6\\J\\D3\'\5\\WR`n;z\\\Th6!t\\֞8RLp_FlL2p\\\\'x\v\bkH\\\CH\x\}ʱ\z\t\rb[I|}\zճqC#Ip>+Sgr\V\SP$\QMԴkڋ(\0,\s>\\\$r*~q5\ZMj\\"v5\\#x\sBn.\\X\/\":ו>\xwR۾\x־\\\5(Dޡ}3_5x\YH\G<廭\N9_j\F#w\\1x/.\\Bj\r\\R\`\NU\p)\s5h\\\\Z-\ґcúk\N<׫S­y&\\6M/2,qn\Xt+\\b\\U#ˡ\jןgc\r\k\z\o\'AYaV`i2qk\\N\S}\ke-\}\^\ڵԮZR\1O\&-)j]I$DWRq\ZQB\"@OSڮäq\R\ؽ\B~\s\\}̅\m\=1\\\'9j\0Ҩ$F2p+F\\J@\\{\`P*Gj\ESLѬK fۚ/4W5b\e\\C\~\\xSS\-HdP&U\q\\KH\Z`\\t\]d)P\\0\A\Ob\D\\ݏZ\{\\\+ \\4w[@P>U&r0\8#R\7H\\'֫W&gf7\\v\!89azT\UT\\ڥ6O{V	i\>x\G,~!7@	\$\\0}kެ5CW6\!FF\\\o¾)A=\\kst;Yt \\\9(\ma\\0Vy\ZOb\\e\'\\\\}5\ ^}~#Zo,M\\VgmďePr\<S-\\\#nsX\jj撇.ſkAgau\!KODK1F\15sF{kHnTm|U\h\\0\-_U#\{G<\\M\\CͶ+\\P|=\|YkO\;\`P6\ZɹN;W\<I\V^{\r:epѫ,\c\ʍ\Zy\i>\\u;M+_\ \\i\8L7.3\E|\\\r2\0Ú\-/:ʧ\'C\Ҿ\54]tkAhXJ\!I\0OZҗ:\\\n)!\/\\5\hv:׉c\Z[wk{3FM\d&\2B\f9?p\\w\4\0x|j6\\\\Z\۶0>\TbDTG\\0\r5;e/h G\\n{zWs\E\$\n\!6-5\`<y\*[ndT!#\"X\0\ۜݙ\ʺ$Ii\"B \vj7i\\|\3kR\V1	,YkJ1\\Z斅/қ[\儒\A\\\d΍ ;קT&+%\a#p\\6=\㿉\0vɘGz\XYh\,\E\\ݎ+\\$/9\'^Rˁ\$ v,rz\-]\a\r(\IlS5%LI\;ױ9r\\r\pfvǕS\C\\\ق|ަZ6?khG\nTa\̧;#\4Ē6P^v{kOC\]Ni\\\rf[\Qvɻw\ֶ\2:#WY-Z\\#\\\&foPr&y\\"Se\tfH\\ܮ\\SZ\nO\\\IX\\\q]߄|Y\r\\	|q\k\q%ݾwI7 TԥN2\jJ;Jx;\DH7\Z*\\[K@4`[\8\\\0d\\5\\{Dm0\2O^>\\\\r\Tns\\O3Mi£<\Z\t\\U\\\ZʧϦ\HYB1o5=\c\0ؐTIu\d\\\A$\݌n۱ߚ\>\\rݲ=\F$\m=\\5>\<d3G@r\]t]\Gm\\n篡@\\NP,BNI\1^iG\\:\/r\Xdr1\\c\hf<O\O\0\~Qܚ\?~2\59\IۀĝW>1|K\mKX\\>R\\n\\$\Ҡfl]5fpؘBڽ\D;\!\\|2\V\\LH\j\Cxĳ\rØc\0\0*oj~e\\WPȿv?j\,Rm\w\pk[\4\\\\x<\]T3ֽ;@\Ks#\r\\\gr\ZВI$\\X\r\\^\6H\ֳzB}+IִMV\#$\\\	 r\zZ=*\\0\Ub8Y\\\k!0+jC(\\oU\<OmH\ZmC+d.F>gdK]7XkK\;I\\¾E1\\FFy1ƽGk\\%vl@l<nߖk/G\n-l1#Ͻl㕦?tƼ\\fX\\\qW\'p(˃\4\rD\Z|\\x\ǥqtgth\-\֋\\\إU[\fUT\1\\\\\\"i\Z$6\\ޮ\~\CX#\Y[wMz\\}aS@Fqn\sÞ\n[,\B\\$񟈧G[׮VI\W=\\Ao\\\fOjp6\_^ӌ:j\s\7%wi۹z(\/\:<\2\b\;\u\,\o$\n\\\Nok\6.\U涴/!\\u\\+ƫTxT\.v\s\Y\s\kr\7\ϱ$מ@rM=I\\R\cOOZ},w[\r\\9B\\0\'@ؿ\F0\\r.{+)Fڞ\Y	NO5[I[Q8l\ZQ+\07rkHݽy\3\|;iR\\\[Fs\<\	;$Pun\\yn\?/a\4FH\Eu*\4\n\Yw.\:\Z᏿־`յIu\9$&k:ƣpe˳B8\zY\\WgU*jlQ\)%%x\=y\ţ\1\FFm\\ֶ@>\\\dj׋%\$sN\SOW0#\\eOQW\\xV@QVK{(/<sЊ\PWg%J;#_H\\\!U,\Eg]\W\\X;ur\rU\/HlGuZeIg8\ɏ=iN\\(\\\\Z:\"G.H\t\6f\{.T\\\&㹦\|7\0\\\],l\ ֡0\:\<\\ëmen\⸮w\\GqveXD\\\rZ8;sT\&k\Κ4\0v3JNy\\D1{o\\uk2]6DR\C-hL<\\s֮\\\.e`+74n\K\'J괍-V?1\ie\X6\\ִm\\,EE#\\\y\0VDt85\x\?d̡K\km @\9 .n#@\\\%׃5sui\Z\\#Њ&\$xlc\\'\w\\Rh\" ]ˑkfŭ\B\\-tr*\Rgk]TwQ؊X䵅]m==Җ\$=\0\\\I>\[wƧ\^6-\B\\\\n[Dp$wx\s\tW9VI\\\j̛1LM\y\\^Ig}o-.#`ϥ\Z.[`M \s\e\(7\\aC}\mm \\G+$q\G\n\v\r\ۜÑ^\\=U,\r\Dw+\xk_\\\a}kA\vZp[]í<\L5DD@w\~s\p\/\r\\\\I6c?B~\4rvW;}C\\ׯ\ZY\yC\ӅIeun^\MJX-aVAk3De]J1|޽8RV*WfΧ6m`\\u4idi\vzu-G\6x{W)wt<\g\4/\\)֏=QTL\4o7;[\8e\,QۃE~#Y\xV\\\2]\A°\k5\\0\'dk8\`3\x\mC\\rkA\:kYʬ~enx\0t:Z|\GFkltԠNz]\\%AD*;\g\D\Ѹ#\nc=vgo\[\\\RI0Uq\\\\OV\\\\\hA\E8n\5)ێ\7\kuq#H1\\0nEy޿\l$H	,6\+jCI {s|\\׋-a\̳\\\G|ӜVt\\-W\b\"eU7?6@\]Y\r\Xe oz(dq\\,}k\&kP\Zk\\\N+\I莨>U\s\O)Idʰ\3^8N+\VZ2|8<1v\Lw̓U\ZV(9\J# g5hB矧G+\!@6\b\,adb\\ZK]O\+\>\nm\t\B\\'\Z݄=3\\C\%\*vFEC\`Tv\5f\"F*\\iE`\\0q\j[<\\ZA(`:\e&5ld`Tػ\c\"\,?\\\W!ԷU\rǵmKh`|֨\F-v\\qU\\\ܫĠ@\Eh\;;{\7#xWBjӆل>\pێ*\\\Zn}\J|C\ϩ\iqY\bIvN\\\+\\\\"yϓ\n=~x!LI0\\-\k\\:rE$7PkϪg\z\\\</<Yڣ\\?\_\0V|w:BN\9%@k\_	xvRyLP4\\t\\\Կ>-]\'\Mŵ2xϵoIZl\jnQ\\0\\;z\Z\nL\\nݕ\\\~Y.\\xhЄ[[1\ǩ\\\r\\<`Ț\ɴ\1t\0\donؙ$r\=I\\Z\C\$[h]˚TsڼB\vP\%UEz|-\Ixev\7ם\\\\\\NHF6)Vf\v9bԒG\{=i\\\9[.\[h\gj\\xBmGV\+?\	y\\#p\G\~\-\\Q\a&>F\l\\<koڛDŨ,\\W\0:3k\\Vk#\\\;\\x\Q\`ӭ\XeP\;09L\A&#\ɪ=Lt|\\nxĵ\'u&\k9;`\ \'ڕ\o\m\|\\Mg|.\\\|L\(\w\\'\ƛ\+\+m\ː`z֑k[Mzhwq7A\>k<\p[Pڴ\k]GEvK%טV|\Ě\\7q˜nlv+v-&\|kHo\\\cs\kW[\$\{Wiڥωu\^\Iw3I׶x65\<wrv\ n\\nuwdf\\-ux4\Cj\p&H<cS.D\q6\3A\\'uZ}\T\\ֱ6iʹ<Ѷ(6EIkd\t&6s]g,Ǔ\@\\\X\\;ǽw:ьE\\9;\8 e\=dXJL(#\;\FYJ\/\\u)|L2ުLV\_ʁ\0Q]O\\.\ME//Q3-x\k\tO%/\;P:\\Xi\\nB>lvV\X\t+t9\YIlcQApڕn\WY!!\_Mh_<\h?.\\\0\g[\^2h\ZI\0\Lһ[6\\/f48y0<G}Vd\\00cڲ5?F\\vm\41S\Z֚ꑙ\e\8q\]\\u+sjjb\:\\\6=خr\\\r\H\w6g$\H\\D\{\%\X|s\0aJ#PLO)ڴ<-,6\%,\m\i\N-Z4s\\\'fpWN.\\0\ح\#<Ϩ5\xD\W6qc\"`3j[\0\\\v6\\ĹY\9kL\9Cҹij*Hh\?{\P7A\TƴJIբ̥xlcZn2-kp\\ZZ\\ƪ\\\ok.\	_Q޻\V\\@\n~\FDdQ\r\DȒ\\"Ry\0RI[\o:ҳk,I\{vf\X\U\r#n\0oD\xT\@};UC*pkE/cS\ƞ&T\>dai\'r\\\Y?ݮ)\Nʬ\"/2\c\ߊ?A2Vo\n\\p6\\5\O\z\5\\\֞\"\\\ZoȾ;ױ|wۯ~\z\xc\V	XF7\'yt\_\kH%f\(\d9\c{\}K=B9!\.F\0k\\v+\Og/U\\}\/Pf\\mJc\\\{\KzY[e\rl\=\=K\4gX\"BY?\Z\t\rj\*\o5	l\Z\1sq|+Z\<\\\\$rCD\\OeXrq\U-r\\fHn\ȇ?+\Ai!x_\n@<\Z\\[X\лxgkm\C`\\]\E3\\T3\F-.f\n\6\#!I\!\Y7	h\|\4J;=\jKhoJ.S\YH\'t^\'cF\}\0*N8\PG$n\.\\J\Ǥ\`E	W#hm\Sux\\l\\.l[\&L\3\־B\\\	\kӍDև*|\"\\I6Ҫy_\/6lSrN)\/aޥȫS\/\\z\\\P\>P8\te\[\J㎫\ہp	=Mf\0kHñ\0\\\\vn.\)\0!\+\~\0\YxgX7B{<\\Z\r\$D`1枿J\އuH\E!0!v\\6xW\rJR=5z1xM\\\MX\\\u}A \\\\/\5ƍѝ\T:c8=qN׋ϋ\KUk5OZ\\,˳6\\\\NRK,)#H\y\\=WS\+\|\mG\\˂݀k{ǟ5\s\^\i$% \\+\\0m^~\\e߾eln\|\[\M\bkC]\Q8,\L\+_I\g\\0nw$(\Ӵ;{VƊ\Wh\kt૸tQ^| Vk\\~y\})]\\iztt\9Vfk\\[ĖR#[l	@\z\bFXS\^[\\xCX\\%e={[BN.\3=\7\XPdԃ׊\\|Ik\m2\\\%6\z<\8\\o-?b~䞵z\%G,d\l\\K\o#J\\n\\}\\\r\\d\E\\n\\\)$u]F\e`ws[\\m\=꼖\\x~\u\\]\\# So!\Zc\p\ܾƔ\\j݆)Ѱ\\n\)\C{n4X\\'Ϧ*\R\Nџ\:%\`1\o9\ڌz\\B\?H\g_0B\9\>K^u\W\~\\\v-m\ʞh3\\՗\uSV\g[\u\\B6wc`5~,]\Mjs]\\1y\&/:x\\d)Z+\4LWE*q\k\u:=i\Z\,\\0rI\^X<#\}\pA)f<ry\\\V\&>J\$rտ_X\\$\\\i]M1\'s] \H%W\r5\ip\+䎵\\-aB#\rl\g-\@r|;k\r\{\n\\\/\W7.(\\W\\\\]³ \p\n\}\\=\m!Po\`sqlMhr:h\\\\3\_+7ӭD\	cNk\4\\\\W2\\2ŎxR`3Xv~6?\\G$wVapztƛ>[I5{gw\\>K\\`\\ln\G@L@h\~\͢E\[Oe&Y-DP\cyj \r\\6uj\\:\[Fdo\nׯzD\ZG\\nH\qRxrY\"\EVH\P\:VG\麖y4i*B\+{[\\#,\\B\"c\'a\n1.Km;N]S\KtW\\ZLI\n$O ϰ\~Lx\|W\\\C-R,x\0q[\\.e7\3\\+l0\V1\ֽĲCbl* w\5\xA\\n⺛\HF\_zSS\&\*X\i#\t\ZcŻ\nsһ[˵3ҹuA\'\\\X\\Z\K^Cu6\\n\aV,M܀\ٮm\ú\rWe\~%du\z@O \\6;T*2:װw@G4\V1<!\\%(\@Ex7\O\\\\F#\"\v.t(i:\H\eo\+MSZ\vgxSA\0G{*ݺ\]}\*\r\n\\M=}pjR;YBI=kg+3h\?+*w=x\$\\S\[s3V\֟A#Rѓ+\,gdi@\\VL\C>rdl\c\ZXm\|8U&l\\+е?V\Ev\Dݪ\rR\WZ3\3O\ۤ%HGO\\\zn!-a{:Uqg!Gz65ݒ\"[p+瓻\KR{zn\W!Lor?-ߑG\\Q[\}\nGpj+i\6\GFL>\\U66c>\C5\\骠nB9\3(\\Ƞlu\q\3@N7zU\3F\f{.+鯴@\b;\6\\Xۤb\\HƷAj5y\ˌ\<\\ \&\5{K7\Z:i\ڔd\d.\q<\\uW#Y\\nc1 ҋ\\v\\yS\֗]R;+d8\\\\^yc\e\\Zk6\'<\ \zfM37z.:\H\*\=G=\dޫ[kS\\V%\\+W\ \"\~\\	 9\\UolR N\zT\'95b\<GJ̒\⍙ռ\+k\\uO:펷O$7֯\z\>Ƹ\vG>zqZ\|膻C\(\\\\r\x\BT\\\rJ\P.%o/\rNn\\\y/lUC\\\\w#yy\\7\R\L\vJ\\\\-˶r2\\Z\n c\\y\6\%Ff\.j5*\D6/+\!\'5׍f\[W<	t\z`\ٴhefqӌRDs\r\c\0X\#5\\jO,\ǩ\\\o\#{fQV%<[FF\*\\Ȭk)㚚\^޵X\nc=\^%_h	m\\nH2F}}H5-V\QA\@\bk\|;\0d\q\FW^k\|QeaIB~\\\0v)\\lZ\\\7ݬK\T\չ\0wU%\"\ʀN׭u\\\\q7d3EzV%\̯:®D@+oIiiFc^\\\B\0s\IH@\P)T\\Kk\:Jƪ$iYY[I=Ħ+\\\\\s	\?\V\~6\o/.>U\\0\\]\o+\\0j\_-6UxW\_\ş\kGG\,Ṋ\56\0\\\¾ּk\\OZ\c\Zt\rc\\W4\C\MJ\~{q\7Wl^\i\\'\'ifҰ\\0wq4@2J\r;f쬒\\-!bKҺq1ltٯ\\&qΪ?\n\/r%X|\nUYc$o$9\M\ix\?}4)\.g\0\\mfN\Cu:\:0\\\N\\szMoO\\`hˮ\"^븞s\\\{\rxj\BЖ.	\nĨ~B߁\QL\#\\\\aFZ\\\mzo6\\u)\O\Ҥ\'vev*xF7\l`\\J\e\"%OU\5\h֏Ga\\/Н\H>Vk3\0\ng\<N%/*\\XL\:-O!W\u>~\ B+\E\\\\\żS,ʽO~+\hR.4\\\\\\\\>Ij.V򪝠ȩ\	8˖G\v\ZDp\n\\0]fj11F\d=\n\\\TQ\[R\' g)j\\2\\K\jVs(ϔ\!}+eR\TG[_k]X\0\vkSú`\*G_J\ Ԓ8OH~S/נx4x{ŏ²%pLd\qW&\\x\\PUl\\#`G>tx\[\C\0\W׊\]M\[\Fqv\$\s~>|3{\rF\\Dg\J\ǱQ\\\v\k\J,-324\\:\0j򟏟\\4%\\@\ns)ǟu\I\\dr\\0\V|\MΘ\\^Mu\C!\n\\Ê\,\\8cC$B/V9e\t3\ kSj\}\\Ʋղv\0ȶeܲ`ҹ-jE\/]27Z\\nm:\\\ǒcV\\\v^qu=͵)&!\5V-\\1\^\yŢaC,q\*>^i;\!V،rsϡx[\\2\D\s0\qIRw=ר&eOD\9\?\:r\jS_\&\#t7jG\'h\3>(wH\b#gֽAyѦEA\;d|\q\\n6PVa-ٕR\u渏X\`	+g\٘\\\\\'#תxZ]3O\\hm\0ď2q\.\\^;º~\nB8\\ɭa\'t\$\\\OӠky?v+6\J\|G.\\m%\"و`3\f߇˥\lH\n]yUj\E񽝵\MepzVҗ63\\U\\Fbʩ+.K5r3C\c%dKry۞1kS	\b\ч\5~TӛUywR?j\vESZ`|Mo\0e\Ay\-Nx\ˏ[H\ŞV,\G9<\\\Pk\\e\z\05\7W6 ɕ\\0E;cѼ1uqg\\r\qCV7T\y[Y\'\\Z|]~\\5^9>2\9\ֹ\\;7d{O\7\ң\Hc\ҽN\0\n!UѰ`zÃ1\\^Y\xeص\\Ɓ\\ܭpP\\"\ޕ?er[\0y_S=\OH%%^\ȣ_M\?d\\\^w\\l yme㿈\GU\\V\N\'bDl#\Y~\"\H\v1t\\oxa_\)\z*\\G\cY=@\1\0ɭOFme_6\\ͷy\,\ˈjÿdM\_k`z{֑)\W\O\cI4ۂ\Z7)>\/^)\k@+ҵ;O\\n\m\ߕ`\~e\\ig\\Vg[M΄lq\\wh\c蝏\W\4\KfyS\^	\kd\\~\9ho`N\Q\XL\"\\ڴ_E[@K̸#\S\>\+Ѭ\啕1J\喇}6y\*0{Wj~$wI\Z#\5\O>Hѱ\޹I\pOz/\\(\tϋ%\lMWǌ|\&$^y;3_H<\\\Cld\"k\0GO=ǛM̾h\d\`K{RWC\I\W[|;\3\$x᱁Yn\|\\:\l`@\\MM\\!;.\\|Vk[ m\\\>Btb+\!\\0G\f_E\\L\\U\\3w<Y\\Blw\"iz\|\9fQ{WAwc\"\#N\\\wŕ#F\d!n\G*N0q_²\.-\n2\1Z&\Ky\,=k\"\ZtZ\\2T㓚K\e\\\\)\\c2{RI\\V]\\LF ʫx\Se&%qc`\k\>\8Vv2?t\'z7~\\ԥmPI\^\\n𴨌\r\Z\JV\\\Z᭴A#K21s\]f\\\Ћrtk\,\"i\cX}\\G\Z\6k\Z\){U42\g\\i$3DzG\~\k\U߆\G\\T\5\5\t\\x҈#\BA\\+\\0^\\(u\\hSʉ5br0$Ki乓|\w4:+\C\e (\Qu\$\e1\M\\\\j\q\'_)\Z%b9v$c8hW:\\{AF|q\RH<\$VɍEwz/\أI\H@<vAд\0zlD\5KΘ\JJ	g\z]<2\R\tD/EG}\'sI\5\\\\Z\"Py}V\\\$\N\"C\)?c+\\ϩ\sّ,\<\0\0\\\"\nx2_jw\:ıL\coP\\]%ŷ1\nKv9\Z#0z\I!qWq\j)\"\\}]ukZHJ\\\n1oqj\ӎ\\0t_\r\Z/\y\9\\\s:\\\\,\[\\][d\0vI\9\J\fMx4V?,\˅/ <\\n\\<a\MM\Z?eK	eM4 u<z\\>\Q{\VG\r$.\ߗ\\ZR74A\T\xv\~\kn6A\+\<%\7O\\su$rMw0hJB\NK8S\$.,cKL1\8ϱ\w\\ݑ\~\r\_;PW2ʨO]{W\\]/[EL$\\\\@\yO\?>i{\w}ʙd%\S\~\\\%\g\m!|\\}*\\yxNMj\)ؤ3`h]\|:=,M?0}@I\\+=\\rEp\\\z\?\nC\v/tb|c8\>\\\\ZXm+@NohҖ\\\|\v\\Y-\2q\=+O?o\ref\KLH\ƽc\5	\[h\\dM`\*,b\\0\\N\$s5\x÷tGȆxS\\},Χhy\v,\İ-\\\ev\ \\\E	\wVsʗIrx5\\M=\ZL0\}	\\\\\\W2HBm\\\><ޓ\\Ԧi\ʉj\0\Rz}\\Z\^\+-\\V4a\\>\"\yF17r>ƙ\_\\Y\\\Q8\\\ⲓI1\\\07\\Z\\I\\x\W\=7Wj\\Z\WS<\$%T\'\'\'-\H\'4#;\\mVr2\\nU\^\\=R\rz\\pƩs<a\\L\"b)b\`\&W\Ѽڝ:\"\=ǭk[S\\KkQIn]C_Rvҫ\\tqNe_3\"&{X\	vF\\~5\'+DUfA\ܪHmб\\0#9z52BB\\\rVK1%\\?\n\3>l(M=Zf4\r\$\Z\\|e\oqA0\4\\\ܞXu\ԗ~S®\	\\>Fޓ@\\0UJ\\\Ǔ\Y\ӯ\,z{W\>{;u\qdUX6B3{s_zum<7\\FVh\_ʾjdռB<-\\Q,\Z\\9>%-\r\z3\\0\^h,T+qsHHt\_4\\w7\`\\W<E\-SInMfl\\[,9㚟\Z7\Z~eyn\]G\\\g\zd\\\:\ׄ4̯t\#\\'y\\_\\k\Z\\ \dV\\'w\Z\*\!\n\0C\0o\0Qi\\\|\v4\D|Us\x\\t\dW,I`E$\wS {{$i#\\גxb\ʈt{׽F?\9\\\_\ngz\'siJ\Zٿ\%`ooJ\\-f\s\"\$wU\+\x|\0)G\zG\%5\n烓ҽkD{}=#ox-^Q\\8݄\B9\\Z\\\\n\\\/\0ے֤\&x/pnHU%=\\tD\&G\\2\oxOM-cVO\kʾ#\\|pO\0\BVZ\\\k\d\nF{\\\0#\\-nQ>[q\U#|FF$Py%5[+\\}\k9J搦\\ȴ	;(R\L\e\Vݣf-f\oʰgKZ=	\t^\uk9\\\Er7\r)95x]EJ3=\f\\yZ{5j>3[LcFdnUO\|ag\\\"\\ijU	7\!V=kXO\}\\%Xs\^\Ǳ]\\\qw\\j\\?D_I\~5\i\:\\2\0a>V]Jlq{Q_7\n\\]mo\\\a_|B\Z[hRHԕ*\.#j8I\\\\mm\[;6\\&I8p\~\+JZ\"\ϥnaY6(\!O2\$k\\K\)W!\J\ =wg+Z\Z#ټ+eftMn5Y&L	\vNTk\\\\Lգt\PYK>9\ڵMJexe\\U?xqZ\e+\\|\\0.P\n6LWSL<\n5*\\O\o-礪3P\<\"t\V8\\^jzUx$uL_\-\\.|\\Q\v5MKT|\e^\6A?0\ͣ\V$\^\\8kФw(>p\OZ&dAeu\\\nΤ;\\q\YV\L5g(1B3Mh<:n\_)\ޙ\i\\0\\Z:zxXa\0:_`M\|4\L\h	s\sZv_l#+\;[Λ%\|\\\8ȯW`;K\U\v\\ZFv=\1ʖ\.k\8ڼ\E\Us\rxEl\tQGץnd]\@mR\\qs\\i6\\Z\\*\\Bn\]SA\\!g\\\\\0~\'xoVh\v\=k,j\k\qB\rb=\"\\A\\]7rԮ\sWqTnjv\\z:\\_\=uQ\\0XFn\_G|=/\blp-4x\r=;WmJ~\W\ݖ\r$HZ)J8^u?3|gt\\$7t^\rs^?^;g$\̀ueF\\\\2\I2(\k\0[ۭfT\_h~o\\\`>m!\|\r=.\\kgq\0\\\\$6\SY\r̞r|\F\a].\\%b\ꭴ\\+\5;8\!\N\aנ\$!<\e\\0\\01R\Ƀ\D㵍|kм1x\SJ\rj\vz\8\r\&٣#n#+cz\<ǈ._\dơj\!׶3\#<\\	\\]V\/\4\/\\7\\.ZY\֡\)\0S 2\UA\@\5=3Y\mfӥhǟVE=sT#]6;a;^\\\\\n33Ӄ\R0C\[\/5idU=|x\C\-=\W\g#1RU)A*͓\\0>\*\k(dM\N\ ᛟZ\Tֶ5xY\tԼ:\|ςH|\uWX˰g-z?<;\ccs&F\]s6\\	>\0*\?h	\0°\\\\ZmuǍZҕ5k6aGcDl\kϵ=:\]\ܝ^X8]\\?:ʻ-\\˾ac\5\\'~j6/]h\\\\	y\W:m\gR\e`\X\z\Ҽ\\g\ޠ\8?RC)%\19N+\ӕP\\\xT׼!qǛ\n\#c=\¯\%6\Wڞޑ-̒ W\\뚏uԴK4\D}\r~\0\0&i\z\GQ.\ުқE$5\"\\\Šh):Z\F2Ԛ\ŭo\ǧ\oY\#w=]\u\Eoj#P </cr0}\<U\I<Egoov,YGlw*xj\Z)s`RU\"\\o@\\=+\\\Zveyjż\\\\ҸL\Ȱq\r	\=\Z\\"\SL\~\\r\\0uՌ%ny/\W\4sw\\\*|\\\Oy\}~\Q\J\\E\+\\g\=\ւT\\\\Bs\WǶpm\0U.\\\Wki\rʅ\'\\'\\4,\eh\FO\s\ryQ\0\$\[\vKsAWI\	4\n/UV(\\#\_H\Q_K\\\<;Pp93\^\G\k{o75Qf\\\[\=\K\u\>\|\w36B0\"\L\,\cѹ\"3\=+gV[k4@\8W1~wki,`z󊦚ܕ$bR<-љd9FG\=\g\\\Z\QH)F\>Jhwp\\u?+\\dӉYTu~_sӯʂa~\5\\Wfb>[\+&\ÿ\\5ms\/V8;\0sS\\Z&\\Q4\DYQU \3\+\3;}T\kwc\]ؑAV]\@s\0\\OA\\|9u;\9\l1^~\?*\\&MF\\_\0\FNO\{\{_\\@H&C\ǯ5	&\֗:\γ\2<u\\W鷂>!G\f%/62)9\Q\s\VN\_ɩ\\۪;\ei\zkC\|H\e(r8\~,I\\\*T\o\i=A#5iF\s.\$]u$b`\\iV\Z\\\ֽ\^${\[-:\촴 \\0׮C\lڮ\Y\\K08\=Ԇ[ԶO\\0\kZ&Ъ<\&\N\\#LӮYPDH\\\x^\\ju	Pi0Bq^\\\06\ZDv\N\vE?v\=rɖ\c}\va\MM)T@{\~>\`ˬ\{ζ|ergHPew8`O\\ף\\Jب\Ԃv\H\09Pk)3\N\\rQ)|D\:\\a9\'\~$]P\o\'8OQT\'\fl]]\ֲɧmX𤲅FOf\][麓[@\\zQyB8\p:VKx9\)\t0u\\r=.ue\":\)wv\6;\S\MR\\f\?\2o`Bf\\i\k\\\0\\jJ\t]ج/\nsJŒ_Z2\`!k\0$\W\8	\ց[DG\v<\'\\տxcO\M#+cwV%2Zj# }\\R\ܖ#G\F\?{1]ޫ\\}\r\rMxޭo-\\q]\\\h%|2\[B엵Q<m\^k\BZ\u{h/J+{tfhBs\-\\\\߄\\\\\Oj׼N26/Wbz6\H\%\Ƈq\5Zѿ\[F&}\\85\Iif:\L\\\\\\M&.\Zߠ\}\Wa\\MD<Ψݫ\4O#\\ fh\^]\k!yQ\QԜ\Zݥ(\ژ\8\P\ZDd\ z\no\^!\UӮ}s$:%\LeUHȯ_[]xMC[I,\i\7ihvE\\rN$5as7̊HS\P\J~ʫ\\"٬6nђ_SCW\\69,\\T\"\rv1A(̸N#EAUTzTlV\<-⫸9\r)vXY\$zך\\\\hb}뺲Vѵ\"䝒#F\`\ud0]\A\\\G<\4sN\Z\c\0V̂\\$^Hm=O\a(y^\zX\}Mg\;x؁\"b;\;V\]YqιUk[\\!b@<SP\t\&)A>;\|]\\M:X|?E\Fu\08\k\!nuFKěMH\\\0\\\\xC\s\\2ḭO.\0\,:{\궱+ZI7E4?\=iF\K.\\?/\4˫Jk\x, \u\9]\Fn\\?\Zh֗\II.h1v}\r~e||$chbb\'iY\\\&$@V<\nd\\mlc#f\\x\ 0i̛_\5SzPt%\\5l\"na\wOʰCn^sRҎs[\傻3\fž,$WRNB1E\-+\t\ikhn\=I%?3!\R	\yDnr\⧚\\\\\~ZOa\<\\\nt=N\M\mm\\.\0\##\^\J\\^!W6N`\$\\`xuͬxm\'Lq\\\>U\\}#\>\G\f&ZC\(Ms\XEA×\j\73\\7,a\S\\xO\'S\Io\(ۓ\\^\i\\(K]\70\%u\\\F*\"\0wZ|<\0W\lG\8t\B\\d\\r؃۵x7\\\ZVu\I-\?6\\\r\$⾒A>p\\y\E|Sn;yW\'\5\Y\\\[A|%\^.c2y\0asx\zIٲ	\z\E\htH\R\G4\`\D6\6>\vcO\b\\^~.\\mRB-\0\r\5\:T&\+\rÒ\Cg=\ߘ8\\ZE9;	5.\\#\05xSW\'ʝq^\0#@ܿ|V\|i\*\}jeLn\\\^q\ᖣP\σ7-:/6aGσ[_\mul\RF\u?J%{{+#\/j\ĥl[*\\\'\һ\oWM#\y\"X2;\'\u\\\\rfԙ]D\nq6}^X|zҭ|/^HT\0K\A\5\\\n{=S\ğ]\\!6\\c2H\n+2\\\\\\ZFT \\]E\cY>gs{Ihw\\ZjMon,	6\\[\Z4\\\xU&\\kF	\\!nL,\)+#mjs>vP{W=s v8jx\KPP\\]\\\Tx+u8 桶ϗ|mGGeH\dzP&z|ys5\Zԫ1Szbk\.L)b	\#\_=6ux\n\=c5\񖭠F\\O`G \^+U5k3\'\M)\9Á\c\\kd\uIH0\w4M2W\;Y\\h\-sPimⰩϗ!\r+.s3T8y5\j>{YrAl*YSy8PAޭ[Tw,.E\K\\dڱ\r}(\ie4I,\\\\\?\8\kb$s\:qyJ+nNpA\0\kw>w\	\"US|c\e*n?8\u/9(\wv\de\'\W+J\(ڜyG\?Pop\\,.<\;KCO~\\x_x\U\\vfn\5a$j?\Z\w1c\ۍ7Fٮ\Fヅ\j;S\H\\'I\_\,\þҴ2YYa\01uGK\Gj\/A%gc\a1`Bs^\\{c\Ӂ^y\O:U%rs\תxN\\t$v܎S=X\mZG`H\\?Z\涑X v5\y㾘4aS*\c\\C#<\4}O\\Ny\\I*G\&:PyV֒\\0\\2\07v\MzUhM%\4[7kQ\\cQ\\LF+\<\sr\`97g-\*Z+\}\8cs޷~\bˍ?Z s^\\b\\F\{\Z\X\yvΧ{\nr;֖J\\0}\k;\1kF\\SK%\\\<y=9ßY[\fAՑ\\M\\\k\0!\\ɟ\ \\MMn-&):4l3k%U(\&ėby\$\\SE:413QiPAuw\\̬6W6֑\4OH2cq\\XS1\_Bh]oJk;Ҽ\\0u_]._\d\n	R=S\\;X9\"[	\̋*ޢ#G|\I0G֭y\b\\.\-\\5ޜ\UNȪ_\\UwՏx\/.4]&\I:dD\f2L\>mnn\_p\<\\\rى\EY\n\Ì\Zo\/2#n*}\ģ.C`ԅ\\\\\܃\^%⽛yf\׵mxM>\/\w \N\0\|\<\<\!\3\:t7nt\\;7*\8\"}\k\$ WHV(\\թmx{\\\r,x\~.ᘾT%6^W\Ӡ\^\$Q\r\\:Myf\i9&<Hm\)-\yQ6\\\\Ι\!>\7P8\k\Z9\\Z9Q\{\Zqi4e?z:|wT\*\\E_\|9nX\RͥiWӱHUREt\W9v#\Y$=F9\U\\b8Z)m\EU$^\\\I%y\"E 5w\}I>\V/$V\mPV?3\\s\Q1\Gz\\{\֚<VFpp?Z\\RD\|Sb\H\\ySt5\Gy\K!xqe\\\\\0\r3\n\\'~\0n>\\/\r\\/ݙf$`z\]\۹=íFWh1\0\u\H׿kzr04+p}\\|Q\i~\\A4oXIEY$ܹkiK9[DʹQTmdFwVlV$\n\\\I\n\ܾ	8e\ȫZ\v&w6VBF\0\g\-O\\RlڦG\{\Iv2\K\NOj\H]\{?Zc\\2p\\\0ѧ9$Uho\.	9\'V\+\kt~\\\\rM+\ZZ\=F5l\\n\\"\\\u\ev\2@eo\\/jeʰM!8\0tn\\r\wݴL\77#^w䓄\\\nQS\ƚ_\'yXg+\?\> \ܖo\WOO\\\dqgUb\\8\yNYp\\J6\}\AX8\\\\1\\\=joO$t=\nhX\w6\\\%P<\NTZjWBI\HT2 \'$\\\\\)\	\*\ٲL{s\qqI\rճ;\c\n\5Io#[XIts$\\\\S8Vms\6sWM\DlQ7ƥM>+RFWx5ވ-}ϲ?\\\"\<?f\v<H\[\vV\և\^\\\\0\Z\\F:\\c[]c\H\\"B{=\Wk~$\\$6r\0\]}3ڲJ˛(_s\>5|w\A6\\[\ݻ\\s_\'\o&s,󹑙Rk\\\i瑥\;d\%٤\\@L5*s\r\F\Tؓ?p֏\lo5\'٢S12W\W`j8F>e,7\\HY,FkMI\\J&X\n\rv:Tr\j*JE郴qk7].\j\@\\v\\\\slkr~c\\-	qFh\9Wqǽ\)\0^_\0dA8\Bu	\Z^vyH߅\0n-ʢ!A\\\r\0^MkUWg0\˝z\\mZ=>xN`\\3cZ,d\c\<H\r\ycZ~xo^$I\-\Ci\\r\㑵7\,\.$\ep~eOĀ{\ٚ\ݣc\nL.H>ja+rR~ɾ\!Ey\HI%z-O mĚV\s\=f\|7 \?#ֽH\Q!QE\Z\\JqBe\S\\\'1\	\0\\\0\AE\\_d=؍X\\ɬsZ\ZM\̤!ve\Z{\Z+σt\0؉`\\rZ;bIF&#6~۟\\x\\\-\nG\0+\9- \\[\^PnFR\\g\_ߵ7\gTH^\\C<SQ\κo-e\>\W3Lm_]@H>\\N\0\8#?\Bk\\JU\\&j\*W\SR\Ys\:`qKn⸉5\x?\թqp\I.Ys\sUЫ;\\_$Ž\4\'ۺWh:Γ\\"O}qNk\}%+TUOSKբOI\{b\`mu=WK\\k\\\ B\>?Zٷ\e튉\Cˁ\s[EmoTҤ }\#\^\\_\Z%\\\'\!ѲG_Ozd)\=\d\o\15{ʓJ\\]SӚ)l\sȑ1^w\ 2\\Djh\\m\u)\ny<bˤ\b\ WQ\\1R%>Oq\Zz\p\D\\0\R\Q9ٞm:\\}k<O E\'\{e1_Ͻf\,lB\s҃D\[Ӵն{}\\\\\݌Coc})\\\\	4X&$\)1\i\\ǥ6oWv{د5\\ꅁ\\\\\+\fzu˔\Oqޫi\p\\c`gaEzO|7ҮU\*\Q۴\~GjY\\\H5\x7\\xЙ\#풣\W\N#1\l\0\67sF-\8\zkV/mwo\r\6\*K_mx!GE~\]\/.	gp\\MQN\'#\\\+\:Oe4$V݆\\0Ey\0\\dI\\,>\H\t\05IG͊\\7\x+)`l\A\n%nr\s>#\XxN\\\\\w \zfwIZ\=\=E?\\w뚸\'\;=wYSF0\Zf2I.\\c\VQ\\i\9-\K\>\0\\t\v\l{\\r>==\ŴNv=*l\mp\O[\\[k\o\F\⊤\h5\=˂\\\\R\\\\\n4%Wp׉\ W]pvF\n+\S\,jOB۱XxzE\K\]V\MzԄX\Q׸hE)\UzYO=:\\kn?\n%\NеEg*\']\A?J\\\r6Bՠm\+\\\\\\I\Zqϙg\^wk4jW\'OU\'R\0N*Ԛ\3\\xfi\TF~Oα\Y6\;\lWx\\\mpV\'.Fk5\f\56S4X$\~\SA:\B\F\E9א;H6Ǒ\\\\Hm\\0j\\tAxy9\nEZr\h\ +y%\D?xpsޣ\8\FIaZ\\4\@d^-溕h\3\\O\>\5\{/\\M:-#\\=k\#k\\{#\\8#h\q_\n\\ERֱH\k\UJ\\_A 1\^[\s\^\1LQM\sQg{o$rBde\>աd[\I¿aIw	,;bېGJ\s%#\\Y\6BY8\\\\ZI\N#\:ޓk\\#q\\T\n-\btc˨!\"g\x\6\\v\rlOnE*\pY\H\\z{׭N1\3ϛ0u=;=\0;f\^\\\ۥ\f\'\G\\Ռ6#qXWJ6sQ\˿>/%\Gd\z\N\Ǽ\\Z\kY\O\;\\\햑F\Z2\0![\z}n>|\"է\\\Q\%0\0\0וVwz(\'<G\ǈ\\6\eҹH\e\<R\N2G%\$sC-3Z>]-Մ\W\\jv\(\&Pi\Ǐ:\\?R;֧\_v,T{뒍/\ZʫԞ\\ qVu[c5\֒/8=FE>c={B\\		`\\0\\7Ɵ4+1i0G2#|\0Zn2o$\\'\'ޣ\[{K+#74\\\+]L]Tac(*c$*(\5~\y\\-\r\ \8<uG݅2;F\ېAm^;#Lbw27g\\=\\	\<g\\\[sxpO}«\#(,\yϸ\\X\#}\:ӴoO>p-mլ!m\3׊vЕ~\\\b8Dm\w\\m\"M!De$ߞ\\\\\\u^$Q\ܱ<v\\~\+Q!89N\s\.\\q<703ޱEzů\ZPxIn]yJ&1\+\r[,+\=\\j]\\]ƙ\\-c\\0\/J\\\7bf=0+f\\W\]ђ#ї\f!(\u\8q.*\*\\S\*w5_\崱\-\Y}\\,PN\R	\\0N9ϭy⫉\ĥ\\?|5\>=\?P׬!\n\'K?ő֗{܉JMw\O-\an-\Zo,\'9\Oʽ\ZO֚\ŪrF\0\_`#$dv\j#Q\\][jM¬\\7E>W\\\\Ņݡ\;\>YGc\\\0ܛw\uWq|\}Gz\o\Z\\\F\\V6\U6ܑ]e浥=T\Z#h\3\.j\Z\6\HO\!bu\\rcU\l\[ڮb\Ӣ\CqZ_\Iv\\!\\s3DӱvN\\0x\\fظkPx#\nq\n-U8=H~K\+\]\12H\؟Rk\\\\:\H<?c;Ikb}M|զ\\$)ͤQ\\r\ʠ\\v\\U3\s6S4wYw\\6:tq\3P\\VvDCkH\oᲶǚ\+5><1jZ\\0\\My6v\0o\\>\\/ehɞU\_rSՄc\|!\'\eԮJ\\\Z\ {׿xCĺn-J1hձ\q_!xU$\$C[\'{׭?A\\bn?9\\\ZK2[6\\myGS\1J~0\IP8Q\xݞ	$6җ\3\?`&wGz\\Z\'}\m~\K6,\=v\#{̪ѱ8\\ߩX\OJ\d+c׭Lc\nxs^H\<rk\tg0mчJ񤕢2`\\?\\\efb\\Sz\0F\4,:\\sY\>:9\<q\m\N\n^\\h\'\ZRv\v`1]\r\\mu%A$\\\\\g5~\Fze\\v\\c\\\\\\|Q%Zy\rz\<+\\L\0\\f6J\3ΑA{\\e\y<\O	|{IԷ>@k\O:\\\i$ep2X\Nۊ73\!P\rLר\\G\nS@{\\r*15\\WYk\\j\\"\0=`5!45Y%6ծƺ#b`\u\vZ\5\~-[Nie	 ^j\\JI\o\sۙ6u׈NͺUԺΡ{c\Rɖ\{k\3o03\rf۵\\ڛ{omk6\x[L\]\\1.\\\c#pX\Z߇\4mB\0]\i \A\b,\<\\\Mz\r\\#\/eh\K\;2pk^\'-&9HrsZv\o7esp=\nVQ\^;l	!@E\h\Z=\+S\'pJC\).\.	.>\t\yI\gT8\\ҲN\\\A\Z`aY\y#8YGt۾\\xY\c..G\`l+\\\%\\c\V\\C\\I\\r{o\\0|?E `\%\ǩQ}\Q\4̌\9\0\kzZD1\\\<\n\4-\Z-Z(M2+\,\S)\jqx{L@\8wD=_5YN\0\m|\\=-]K\__\\R\\:n.h\a1\3]$p\\"\Eb\r)F\kZZM2,v]\j_VoI ӢRJTZM;\wٽ5tf\y<\\\\\\1\|)jZzΚd@m\=%{	^\DDkI\q\e=>4\قQ\\?\\ɵaǨ\"\L\@R7m7\U\l\<;\\$\\\N\mZ\\|\\mɾv\yʬf[rK\aK9\bJ%A2^Դ\0\Z\̧\Zvm\\\\\"a\w\R\x\M\"ٺ\;%Bs9fXX.v (\HIۂ8\^!}Ic4\\aCե\2K\}=m$\*\^mu\FS\dHIGeQ\%4P]NP\ײ\\ #\{wj.,p\\\?U\ZI=\8#\[@\m\BNn\b{\\0C\mm\"c\p9\6\'4\VfEa\=)b0\!X\gQ@V4O4Ҍ\@	\Ҍ\N\07jٳ\\kDM	\0\Xls3]dY#\T\n$\[x\\\E\Xg\N[vjI\\G\0(2\;Wp%0O# D\ehk\n7F\w\Zvte\Z\=̽KİZV\\EE \LY`F$\3c\{_t\k\0<g8\|\Z\\rqFd2 m\ !}x\Z\\\м=m|\\yG\bƺr\H,㷏ͷX)o`Gz\\Y\\\\\wyo~U{\,\ǆTn%rv>N\j^k\,U7㱯oWeî68\"aEe\4H\ZǺFt%P\\a.Zm	u)/\\;쮬\WsNr\j/*\rsi&+$g\0~\/~oM59j\I\e\K#2mad\n92	z\*}JE$Bf\f\I$+̱\\~\S?\f\J1-\/Pϣ>~\)?$yU\|\\j\sǧ\xwѾ/x~[e	\"k\:1>\kwI\5\0c\x\c\mS[\|\'Z\,Iw$f\'\y\#ZД~xr\I\[\'\\X\8\Z7\N[Sd|O)5\V{l(\ۆ\_>%2r\,\GJ\I\\\'\\,[[\:\\UHe^\W|Q\Nj\r$XN\n?a׵\\o\-Bh$X\F\|_n_0Xx@h\K\B])ڰZGey>\\0\-fL\\q38$\i,Gzhq\\hW\lde{j\?-2{v\\`\ާO\\?\\%C!\rMw\Yu96\\8mnQ\"J\[\nD,pFy9Z\\cwE?5)\0s\zlce\\\\A\\Jv=׮xr\,0Y\zw\Z\(9gsrs^\\C$&T\qڼ\\LIې\x\0*\#kq,G\[\\]\\F[Y]8l`F\\Wڰ<=vG(A=ϵt\s\"\c\VV7CT\E\\\<8ddq\Ҹ5K\W%\\7H\DTޓt>OK\d1\|W]\O\r\q*uuㆮ\E\ \\\]:xKȋ|;X\iY\>knt^ǄmV+-H\-\o3\\_3˥\0ܬn\}+*\rc\Ojwuhn9\VZk\\\t\3\0\\niܻ]O<YuN\\ ެi%\rL\\rԨ\z{^\\\zbu\\-㨯2\^6ڹs\c\')\hOw\m%%Գ׼\ֶH\0\Z[Mon<\\jVr+\<1\K=B!IFpEo[]8\oK]\ۺ-\\\yGuۻ\\\W\Nt=+\m\\;8e32CN\%\_C\F^=+\x\\0\Gͥ/y\\ZK;YS\\t`%=\96N\\xcGƓ\Z Bb>k{Hҥ\něKxeh\u,j|:{KEI+1\l9\4N\6\;\F\\^Q\\m<w\j\Z-ŬLY\'\чs\x|,:\7,)kefa\'ͪ/k\"\\'49\O\rۤ\Bs#0\]\ϋ6>\U\k\g]6-\\\Y\G\	_F>\\\Wܱ;ܓ+w\\&X\\\[*2>\>\\Cӷ̠\+=ٴl\ڴ\Z\gr^ @s02˟s\+{\\B\_\0\;cB\\!\y5u\Z\7!Ԟj\\0i\A G\'\v\G|7Ypn\xՎs\+\\.!<Oia:\\\|\a#1_.kR\\D#\\u\_C\j\Z\/LS\\lAe\+ֲ\\\I\\\\ZYDb0ۈ\\yl#\|55\{\\b$f[\\T\`Hl\\Ո\\5\i]J3\\g\>+\$\\\0I\&kF<\6qi\kˏ8\k\>,\W!Q\\\&X\1l\]\Z{o+ΣisS\5\\0i\0c\G#( \\=?Jբ״Ȯ\?\FЁ\GzoGq\\~ \\e\+PО1$\\s\\6En\nN0Oz42q\ilVQh\\\zwC(\'n:+\$F\\-}\0`yв{s\כGƷp&\\\}[B[y$d\yS\\\!֞\wox\nv?\k\Bm~T^\񍤚r,~L{[\)sݘ\(@\e+t؛YNU\i\"p71\\\0)#5_\\0\nFPj>(\\1T t+@T;\J(IJ\-\0%s\IE\N=!֝\\߅5Hǀٿ+\Y2BʣI\	tآ(\.&`\<W	\ښ\k*\f7\+\-$xn#t;dVg}O\Y\dѵN/Q\ZX\\I\'ڕ>yjeQl\Ň+/\\yer\\d}*ŜjH΄\\'=i\d Xs]~\tG?3e?\7\Z:SƮ`\E?a֥tElzo\\q^u5~\v1\Vb\H\^:\'n\z\Z\\\.3\\\|Qj׊ú .U$1\'s_Ax3zu\ElY3},a_[&kw-ݽL?\G+\/\\㷄g\-AKH\,<OsIA96T\OTCL\!ӑ^@ o7\wV8\nV\"\\e4!-#(á\\ΕlJs\Ll\\\/\/Znaab+\_\#\k\\\\Z;`\Ƨ\\\6\6rw\i\(\Ҵō-\"\sXt\\)M2G\\\.\#k\Z\d 0R9\o¼I9\+\x\XF\Zi\\(ܕ\\7cXm\c\%\lj圛c\Wh%Bv9uo\T\<G\0z\\ĶRZawݏH\U\'؞+\Z\\B(\nG	\>]\4Ր7duȳn]m;U77\0\h\줒ITa;tw\ӣXb\4\ Ú_C\lqiٙ\2rJ\<Mhg-\"XS\:;\:C|Ü?2\KELl\3H0۽+Nem\oٳ\\\Yu8,Ffl.:qڼk\'uk$ad\\Ň\߁-\+\JR8\HY纛,k\U\9卑\>.\I\}VA/\\\/Z\h\zq]\Ɵ^^n\\m\"\\0_}\Y`ι%ʑʷGd7Ò[}\?whի6I(>cXzmmmQL=\+Yod \R7@4Ijj\oC\<;sk)H8\0\+\t\6AY\3F\S<W\\ZjG7?\xL:\]_F\\22\\\'b$\m\\\eXʨ\'qZo\\i\\͡#\+ c\s\|CE\ٻQ^\\_\\\\\\ǥ%m羆|G	\J#M6\@$Bqӂ\ru?|[#E\\tvݝ޽\@\\\LAr\c^eGoC\HSI)1ƣ\\d5\\t\a\rW|?ߪjr\K\"aһ\\1i|Wg\\dm\vLWIQ\\ɼ\\]cmzq\\+/\xݳ\-ㄉ{Sd۳DI;\71޹r9=\VE_CWg\\\vYy^\!\\r%\g\"%\L>V\'\_|\\Yڱ\\Zv/5U\nkҼ/\H\Ќ\5\D\Z\}\\Z\t\B-:_&H\}*R.*\\#ŧ]\*\7\H+\ˌd\\!\\^ۤ9\"\l>lJn	6𾓣\\r?\YZx\/do^1\ \\\޹ii.\?$`cf\\0\x[Bc+p\Ŀ:\E#l?\\\\oj\YLҢL\ks\\n\Wfsߺ*jZOy\'͚\/Ȁ+c;\]f\gI\BxjAt;\s\n:[o-+\2TtN2\\0_^ǥj0\ۣF\;\K\cҧ$:Ysƣ%3KIR&\0\\\'<ai,Ҿ\9\|9⬞#դy\0\I\\n!I1nH2ȱĹ\\De`9nZ/\0xW\DקRE`\\⬍\a\S\O׊\Nox| \\\\\Fc\Z]ϙo!]\y{\Z\v\\v\H#p)^Ɲ\}eoJ\\||\z\.˳z\M\0m\pQ]>\n\~uMj\0z(\\w̗dy\Cw^k϶%\\'\\{W7c\"H\u8*]&pmZ2F<x}IӡUm|=\\BK;<uj\\Z\MVyFNͣqn^\`g=+zfm\)ē1\;)\\X7y3V|Mk\\08C\Q[X9:mī g\'\xzL\'{	4=d~^9\\C޽WI\ \rl\ۮ\^nQeF=\j\\\EY\ez+UƤv;sh!i^:z\\尚\9\nR< ʓ\^qED\c\\H\m]T[\Y\2}x\?J\)\%>\\!}RW(R՘|\\>?~\,vӸi\|MyxT\n#\&`\z\4\^\'	4p\\19	+\R}\/\\{x|u$\}8\0l\0:\R6\1\t\gҾ[,H\\nbH\\\Z\g\6}۾3\k~ჯޮWKk[\;\r\8ƮAI\\\҆p\*\FO\M8(lw2\3\\0^\[\`V<\1g,\$\Cᶷ\)X\;F`v\\τVE\.c\ \'{\~xD𿅗\7^])^\j\sԊ֝9TYF\\Sn,\n..\հ\:V|:\\g\\E\\\.繰\"\!1/\q\kZ9Ycqv\\0\\t:N\26j\0m\(\(\?C\jo?	~\9-\y½\k?<]i\\Z\0R0u?J\5{岸rО\}gW	\\JX5]\nm&~u,\\{&[]G_D\Q15\\\> @\p]\R|V7\\}+έ<9\}\\0Ek\9޹U9?Jʔ=\r䮽\N\4O\eD\W4ѣ˨\ hR9Z\5/q*2\Õ\\\\jzl\G$Ck\!\\Z\ͪ\\[|HjmGh9w\\ZnguX\`OR>[Ӵ{MN\Kh,Q\nƙ\\\Zͱ6\\YJD7\A#jhId_[\\YZŔ>j]\\\4m	\r^)߱q+0HqP]/\ͅ\PpG)۩w>\0k#}\x_Ų*\Ɓ-o\$޽\\6\щ\\|pGW\E4\"|\E\\nEa\2\a\Zvڋ\{\ֱ6C_x\M\Z\\ed\*z\ZD.ŬJ\WVF xV\\\\\\@yb=>\\Zǉ4\N\\\s|;ָ#J\\0\o\2\9sڬ\0dǛl\XAD\kȢf!\zU}g\/\\\_rgM\;\0E#[\	6\z9IWr.cwjvlHe>b\0kCT\0F\⢏\\F\\Uƭ&P\K\\GUor\r31\pT\P\5\5\"۵ ?\5\\Vd7\0\sw=Z)lf\\4Ll\`\WQ\l\\C `WK\O\n\\i-o\[i\"e\\\YyӡB`k},A^{۔ X8Fk_\\J,_=\j\w\|\\\V\|+j~O_E*i0.\\I\)I*(\\HO\~Z8\e\0=&\>\ZXz_]NӗϖIGA\\sq\ؙy\n<\k\+kx[HѬ	A=䑞\MrEt5.fc\]$~76\%:_ʱ\09\\]\ï?5[ClH`iYi\d\Tv\0.k\|\[,\H_:AҢѤ\Y\㍮3]\Tx\;T[X\\O\"n\9\z\0g\r!McQ7s(\\T\+\\0vMشm@f㓟j\C\n$y$ݍ\\	\z\' q\Z(\m[>\~$Xܼj\3Vu,dym\\\\n2OV\ڄ\OTc\c뎵\hܮ@eSy cu:\Ai8oZ\_\*\\nmŠF2ԏjcqNy\J~CI\I𽠆\\3w5hڭ\k\0O\\JLod?\=k\$r\t\K͸\D\\r\F+\m\"8\\9sW\0!\m\9\\V2<S~\gR@o=;\v],Ź\yL/,\GNodS\\sY͡\\w[ +\|g&{|J\3\\ݤWF\\\<\t`\jID#zi\`F:אַ\\\ד\\vbvBԚ?/vW\M\O\O|\\\{O3\ir,%Zuަ F\r|\[Rֱ^\2̏,\d%:F\e\̠	\\\rC\'&\Z>vg\\\'\\\\ǥzV\Bpێ{;Wf`A\_EOy*\o\\ֺ#fjŔ`\nI \נ4si\'\br6k\Z\\',A\Z\~>\\4I\"K\1ҥ+6`i\svd\\rd9BCW\Zҙ\瞵~F\\'c\Mk\Х\\+\0\wf\:/< oW<\\l\jɓ\jaKHCDX/Z\\)+*&G\Iuq\";My\\g\'5\\?$\\\h7\\KZ8$z\]\-\qLT	,`OF/\pOr\dS\UY8EӱJ\R\L\"`\	Gk\:\\;{iekyş6\\0i\,\Z̃;\#$7|\0ce\O5\n\:W\?%\\xb\v<G>\:\K`MtR\TW\'ibyo\\\sfyh\\X\6\o	\"L\njï9\z&*bL\ZmC\TKB\.Hy5D}n=+\l:8Emʎx\H\x/\\Cki\ؗ\0\\Zx\s\\\VP]5@sW\\ZYRwCko[\ƮHV\"Tv\QcWn\k7-m0 )k\t?k~\\X\69_\׻|_/\>Eܯr\\a\\[ڒ\1\\:V1>U;>*Z	)`\y|\_[\B\#\'\k\o \0\\0\z%g|ޫo$\}\L\\\\[)\\\vL]#W\u8\.nmna80+\մEW!~Y\8;losu(]E)\2`ǨMуv<e5^Yv\*ɴ`\5ԘDDca\-2V@\\5.r\%\'R\"JL>p6\?SM5`p}\_\\{U;IS݂C\~\\\i\cDF1\1}ɥ\O:S\VH_\ᳺ\eB,\'\\N.oxv;\rLwV\\K\\\޼\\*_E\\Vh6O5+Fu\"\\'\\d6~[:WdV\n\\'5\Ul\{ܘdC7#Bix\@Ҽei\W\ԼJ\J\\]\mǘ\Pq\\r<eqj!?տ*kӵ\XO|\ƝPדZ\n~+$;j\١p\0!H:ͫ2AKToi\\w\A\\\]8ִ5f\&d\0l[\6\$l\T\nY\&f\p\@Woh\ѣT\v~41w\KM^\\\r#RO>\\P}\p~)\\Mi\G88#\\\\ZI\\Z\\˕\\\2[\:nx=\X64yֹ%Otz<\H\+C\Z\5C)?<\SKͩ<Ydk-OK$icj\VxV23V\\Q<\b]U\t84\\,s+@\,~\\V0KqT	c\\"2\7֍\ԡqwh\ƻTpx\pΕ%*Vu\<S\mK[FOW\_\ZD\\Wk3H<vVj/Ox፼\Z\Ydv>)<W\ۋ\i)(Vm客D\rsq\\έg\n\6h-\\l6n\=	TR9)K)Qi\\v\q$h\X\N+\'W\n5=0XQ\0\0e/B!˞\\dui0r\\nVsa\0E8c[\\>\\ `ֺ/tDQ$}\n񟯭F\Qj6\m+wq\0\U޲4[\\BvZ\\ot\\0\\\>wgsp\\MC\+ӵ|q0O$`c\\\u-ϠZx\\Zj6IvW3	\\\\kּ\0pME.>]$1\=\n5k% S1=\	F̛)\?χ#LڭɰjFs\M{\'\,ّl4\8\W\\N:t8\\k>\Z}\7rm$\Z\0K\fZ#\uq4%k\\\\}\\0\c^E\[\fK+6:Fç\+\\LQ!#p<W߷RE\*q\\3I\0\Z\1rm()BA\z[4c\I~鹼\5\I\'k\|L?VBU\~Rlїk n<\ƺ\ps\\\\#6ۏ9B\@$t&\.S\?\0\8$\5\70ۦ\,0a\^I\E79TlW;\\*FO-ZkC+ˤ\M*h6ly!\u:2\\ 8oz?\=\}E@\J9Lv0\0#f\$JV:T\V%Xd9+=Å\\\ w/\\I\n،`	k\SـFR\','1630094800825.jpg','image/jpeg'),(6,_binary 'xڵueT\]\JnA\@$RJ:[e\nNI	iPxY\~\auuξ\\\n\n USVU\0\0\\0\\\\\3\\3\3=b\ded\\y\\\O\,,!\EDD))\NfN\\\\n\0\\06p\\0l2,2~\/G\?LװqpAx\066>l2V\\ASmsW\\S\=xT\B:\\\~(\{C)Z|{H7\C`ccap66.9\\B*г%\>\rrg@+@q \\Dߤ{s\w\\rG|b-+X\?;\>T?\r;\NK\\Ӯ\\F\|AhEaH\n̞\ӛ>P~\4K\2*\"kb\\߻z\J;\ñ?>|2\\.kX\Dt\-v42zڗ\\\[ڬk}\yU|BdF?&:\hX8\,ӌ\\߄ܦ \"Օ;v\*	r{b\E\\\-\$#+\ÙL\5\3\@ͩR\I[Re67\Lde\b\v!~\\{\Oٯo\\o\;t^\h\l\WRUoyk,C!hW0Ewdm\\Pu\\Z	3)f=\~\\H\\\4wJk~x\\L9FAC/2\\ba$ͮO=\'H\jN]s,d*k\\W7swo|u\\_\\O<#\\M1\(Hߕ\܈EG\\4\EK9O?P,I`\N}q\K\\\xWů\e]2\xh@:S\\7ކ\"e]\w\'{e\@; a\˫\g	\kU<\`>\zy\FI)x^|׿c)\Zey#ͻ\J\9=:\-tQ9q+)\SRly&E=\Z.\\l\i <\ז%hO|al\\Ɓ87RS$)m\{\bƋ-&\\]\_X(t)q]%*V^X;\r\+_[nχ1l+7H\N\޳4Vv{s6\!\\VMM\nɜotPoc)x{L&*\3nF\\J\\uj\\l:p\xؒq)\1N\XZT\6\r\\;k`\;lL\\\\\e\\\oX\\oC\\	L\nyռ\d 1\	a5Q2/#4\u~\,\\F\\\{-1j6\[re\\0j]A\u]P+\\6\9U\#0\#R\[jM\qC\*N\rόi>\\Mo6\W\\`IQ}ēT<uH\r;\>gLv\\\Z<.MʋxY-Uu_f>|߃@}@m\\OG\̞\v\\`\~\\\A\\E;\\?\\\O̭ݰJYh\\\{yb\!yD\B^s\\k\r\6+H츫\%]|\:{\nh\EK\\\\pmX\\+\mH\G҄\gd\\\VH\\ng\\0\\Cў\"1P\ $UV94x#U\|#l\{{nCU%p>N~2C\i]]\JиL6GNr\\P^Sa\8z>!L\\Db	6ZÅQ{o\>Lj*\\\r\\xAc9F\U<4Ck\d?\"h\\ǽ\584\aXI\ZY\r)\;\'̍\0hvIQ\ZM\d\y3\V\rR#6s+nsn\CRaˈ{\ĤlO|{g \\r<*\dҭ 2:#?>Ȑ\o\\j\ޢfdsfAقt7\\Տ\"O2C\Jd\*KpxϘh@*OS\\"\s\.ZSU\&mI\\\}bʆ8,\#6S\6r+\\͢dlT)iYH]6dB?m+*5KOC\\s|\48ے\\D\\\\\NsN˖\\\\\Z,z^H\\\\ތfm_<\" YmkEI\@X{̖\GY\lX`qؒXx<\\\\#o}rD\\^0I5F+0}?b.\Ҏuw̡>\\n\"!1O[\"e\\\\ZC6{4(V\-ꮩ;j\\݌\v\_F}\\\U\\\\\(|\\z\0\~ύC/mF\7\\y\\\gK\':oEⲩ/}\Z#\PA]%]3\.2q1\\\x\Z\Z\pېS8u^\P\{\y;3\y=Ge:)k\/ŦI^\rGq~S^dh̨&(ڂFw,~Cj()޴џ:GxZdD3 \S_T\tfiyr\O\\6b\K\eՁX\Z\9L\1<\$̯\TKM\i\\3XЍd\')Y뾔\abn\\\\Z\\\ׁ酝Mw@\\'\\`\Ɵv\\\Z\\)ѽ\Ĕ!ٹk\zc\Jv|t>N\.\mVa\}SBX=\捪4Ƨܝ$s\z[\\C1S\ǔh[\$A/:6\Ҕm_\\:e\\laW\?l	3̠W\\\"\'m\EЭP:\\@?f\<\v_K=^\Y6\H\ŕ\/\%i\s\\\b\geR\\v\RF\c\\R0|L+l\r$ǚ-~\\y>=Ε!\x\n{\Zzp\\a$!\ػ?\r\6Ͷvmx}qjp\r%\w\\#n@5mpԾp.S>]\\n\\\\\\n{\\n\!ud2J\\\{\9j\RDѧx,\\ď\\\/\p.M\g\%B	RŅ\\!RE\tc\{Ǔ:r\n\U\\\O\YpWre\*ˠ~\\\BACvdb\\?^S%\\\eKO=k\ /\\Zge>i6\ZoTt\\\wŃISA-\Z_	7?\Fi\\dr0J;\ZL\\\\\'eb\\j»h?\\>\P,v0Օh&\fdX,o\ƈ{0\pl)XL@\EwWH6i<J\݁\5\t\\i\i[-ߥ)	Q\0\У6Jt\\4\<Sϳ_VS\\?IfF~Uy\\R/ׁ\"L\ʋ\:\)Z02j\rod+*\\ǱC\5wI\\"\aިs\\ԁH%8۷\r+\cy\Pu\\)#m<_\'aM\\5}PFa^\\"Rj\+O$j\<*PN8$ǚK\޵]-L\w\ <\\|@zL R\rlbAqG\\Bz\"LO\+Mܼ)\cT\\,U\;E\HT<b\"\[\Az\_\MBY7V\k\V_[H< ,e\QLz\\|\iʜ7Kn	G?6TN\'t\*\\\zoI\L\ܝ(&x\fdΝS7$\\\\R\\i\ڑU\0PP\q`<ק\n\o\\-b*?\\8]%絬Hc+\ucc6]Y\zp;^ُ3\n֦56<(}H0koe#Dk\"5ص\^SE	=\\x;b=_SQ<\x\\e\A;MtdwNd\0\\Ɨ~v7\-WR0\M\,\H$v\2\wx=\Ty\_\oփO\n\\\dxb\rT\I}\\X\\\n\kv\y}O2\̮/F}2k*:߭\\\R\\dw4\gKӐLU\iVL]\mbkE31\6\rb\Ҹ_g?\K4\}\\8\\#.\\2*ezU`Ii\"v\\(8W#L.\OX?*f\)b\;{S}\E\-w\TPɨ\z8\\3\n\Si\\bDz+^\\V\3Ov\KW+/\IO|UqIn\p\\X)rBc>w\0u\q䏁o*\FSdt i\zQ\\+2\\{\Z\[^\u\'\5/er\rC)\r/P\\/\\x\X-\۳mј?\s+&f\'y\'C!-Y\\rd@1v3ݧS\`0×853P\Vx\\3\',1\\\"J61n0\ئ\MDEŁ\\\#*\w\	o\SOLZ1$v9OCKc@ʯ|\֡_Zr\K\sQ=P\זּ\k\햪\h8_\$$-z%]\\s\^<_\\\ {\\ZX\|6ڧ\'FA}5@\rHc>5G[#G[\5>kJ\(h\\d5Cwoh8\=$\ZB\\\rfXw%\^\\m_Y\A\YL_\,l85\5\<9l\\ENؓ$*[\\4w\O^caDyh\\	\\r/!Es\@\r\H9H>\\?e>ڎH\ri6P1э:\\\\X6>\ Mߪo\!luLZbr5\iG=,\URt\S\ =%\iUΏSn1\\c5P0yPbk)n\\dDx\\\+d\\\;\\C\=\O<6\ \ZW~D[TMJ.&%N\B\{\\!\%ˮ;iw@9\W_V\N=j:ҿ\\\Ƕ76PfQ(\\,\\݉r)~ղ\*\I\aCAŤJPi\hT*Q-멀\'\'k\zn\l=G\">O{\FsX&ٜ[c#V\s\\\ͥk\\l\I|Ǧ9;\\\\K(H)b\;s>H][mRlm\󽦘l*,(vw\z>\[JT\e{\\Cqŋ\뺔LN\\\\\[\T\&Kq,\\n\q\(\bli\3aa\"DSJ9bs!\\yb\#^\ᎬP`b.ő\(yhZ-\Z\hY?\Cx\wZ\>]8D=\Z^\\^֠V~ub&\Z\[5*8\z_~%>w`_&%\r|ed~\ZFiA0R\ݢ{Ml˙#mV\d8\\\ Fٜ}|\I\i;\kѧQ[,\\B \D\6\M\R]\\Zd#lYy1m2߾1\\\\\|Ϲ)i\\o5\\\O/u\?KSE7* \"\\\SR-!x\Эg\'\n\\XvU\k:;Ւ\:Ħ\S@\\\?qf:)\F\1\n\\zܯ(\Z\d\\\Z\\',\v\Ԧ\r0	e;\z\Hh\k2H`\Y_PcVr¹m\\8[Ȉ\;\\\W\G$	w@U:1_\@+vO\#\ntN9=*\*d\\{\R[\1\pV\>KfȈ߮Nl+\B\r\ꈋ\z\?[|CJl8=^\Z\\\'.˦+\\s.K,@\\ʚ݇e,\'{|m/[\nq&\\\%l\0\K\'\lo޴P!Jb\C\\6C6pG\aאjm\3e	Kԭs3^xF9!/\Jo.7\'B X~RYK\3\Z~)g=	*\r\Vk\\\\\c}<(HA܇R-jf\b$dy\yw\\纜\\JKf\\ч\r\\X\\g\7WjcC\\\*\\\MK\r~Jo\\|0\ni6e\#;\\\\\\\~0\k-~Bd\#\\l!ͽ#ot1\4JMI\rޫ\d\\p[q	P\kJ\+^b?I\rȤV\Or,\HnŐ\nfOlz\k\\0\\.L\#\%pj]s[1n$\\Z\\t=\c\6KvQtnZB\"\T>\v\,\D@\\YuiZv=\\:q?\\M\ݽ_ϲ#ɜ\F0&̕gF?\AefuGüg)g\v\r\i\\\nE񯌥t\\\#~\L$|\\\/Æ\'kSYz%\r6z\;\G\pA\\rK\\Km_jy\Sª/k?\\\ęQ)KԶn+\-*w\(\\U\Y\\K͸\i@Am6v=\0\\\戅\\|\d4qfH-z>\R*\KP`3E\7\\'W]a\V\9\fJ&q\g-o%^m}_1z\ӊI\LH\x\0\#Ϟ(ܵ-U\\\ə\{CxiY\\2\R`K\?UO\Є\23Oݤ~\teSZ9\')兗tdrm/||\%rhsZ\{\oĔ\W\\^7\/}	׆\ʒx\Z=9@\\.\?\?\Ig\9\\\/*\" Ň\smk3\I\&\׺Ǉ\r\'b#\\^N\vʌe]\Cǝ\Q\r-ע[-}Ž\wțKə@2\!)\} U1/dD\Vr*\0%\\f\k\:fu\&^.\(J\\KwHU\]3~єK\I~}trs\	Y\&\3\Ƽ\`^yn\ɡQZ4r9̈\4\\\\V4u\l,\\펛=۠ h\r\n(%\n\pFLl <8oLlZ1N!>\\r4&\|E|mq*Q<R\M\%&-Sw	\\qn\\F~I\s\Ϛ)\q\={6h\,L/׊\~\I\ȼ~VŞ1:-x\JPxF^H\0g%\&\r:\\-','images (6).jpg','image/jpeg'),(7,_binary 'xڕzw8\\]\D\AFD\'H>ze\(ADD\EQGu\{ \~{\\{s\Yg\\vٻU\0<\0\r\r\0@?\0wP\0\C2Rb\nRRR?\\AEu?f\`e`\gf{\\\\C\( \"-\\\\\\\\ـ\\@\rX=@#= A\\Q3\\``b=ľ\ac\\\?s\=\=_F\ޢǖn\ \\\qV6!Y\W\U	JA9+XpH\\Z\s^\\݋y\%\(r\tLtL\!2d0,\)i\\ve+\NN(݃;\\R \r$G<2a\\{:1\\7u\0;\hLp\\n\n\ޕA\\"Fzo!)\0PK]q\\Zm\\<\5?a\wkQ?\d~)Ů=\xm帤\ｮsp9\e\ƟqS\0(&7+|m\p&\-\Ub\C췩\Vlxe:Y\\\n=g\UA\\\Kɵ\~m\*6\~ag崢\k\B\\#\)DСFjkc!\\\5W\8\".uqS䒒~m-)\'\˴\.\Bz8y\)b\Q\L؄r\>pR\L\ dǯqK\\\\.\8gՈz\쳮\,kற^ܰ\n\e\\b!y\4,\ę$8\\\c\\\\Vt\\Z\\!\\"ܺ_sVЪl\f-w`5?\\\j]i\Z6p!f4\P\-A\R\G\щ1fV\/9]{2K5\\\,ٵ~hRR/(4B\1C?Gz^[\kF^\\\\\NOG`\\\"־Q}aϦ\RH_%LJ\EtJ\\rig\!\%XEc\v\	f\\g\[\S\4jT593K!|U\"wK\rQt!ǮF\\ \,\\d\\\\\\\(\'\\鷤D#3L=5\=b\\&\\\P<\\es\~\\~\\ϱ\`>7ƕ\Z\rJ;?{gѹf\akh|WwRWӪT~v\\\{$LX;8\s\\\u\a\t\\\n:g\\H{+˪.?\\ÆJ\Lol\\.T-DHP2K\\_\\\[pz-\\u\o°\V|Œ\,Q~\\1@F\\)ϧc\#V\Zx\(\܈!RDvѥ\`ID\%:|\5`\\\ޝ\\\2\n\.oBd\\\-ƭZxX7[\&:1\\oJ\\\%\rk\r44l\\r.ͳ1j2;\ςø\0Xw>\5s\A,À\e\$_\Zҹ\\:\\\\\GylN³9\G5A[q?W\0a&\\H\t\Hd	+&?\r\\n%\bȎ\I5S{38#0[\v>^)~vwo8Mن\\+\\:vy\x\5z{t擱MF$qY@lޚ\\\[	\\\\\[I\hH\\?<\0\M{ζ\rzSo9]Myp^\\s_ͽ|\I\Z\\\	ŰT\r\u`waXce;b\h\4#\X&K/AG~\C\|\9z!\\?\V\AHRp8#w\0\B\4q+,7\Y	LHAUi*N``5:A\rVrbvPݸF\ZYm d\\'bt`pqQs6\\pQJu)5%90\t/8\\\})\Z&n:n\\tYtb^8)8MI;PX\q80>wHv\k\\rM;I%p	ei7;@a?\'~d\;v9&\>}y\Y\Z^|\\\3ϭ)\ZG3P\Mn\B6v\ &Lt\E#MV_\A\2t@\dnTQ\<\\v\/NbHJ\}ig[;(\@hxy\::7JX(OX&\\dovw^\I\\Te\%*\ځ2LLğHU&	X@\)kX=\"Bo%-V^/Mxg\Ķr[\\A\pEN\\\\ec\r\Y(U.֩\rL\+\+a<| b<\\,L[\Z~;4%_\i^:\\/iH\\Z!\r4X4\rc0ܩ\U\p\]\=\o w<V싳\\r\tdf\B3Pt$,颤uǒV\@z\N\a*\;~\\q\DJv\G\\_\)\o~C\r!\jvTY05p\\PCp>u\\U\'mTٶP\#;o\\r\2\\\\D65\\n[G32%NU;>麼pR\/\\-\"#_&<l/+bH\Z\愍r\\:^F\M\Ao\rn:C\3k@AWnKNM\XvX]}0C7Ie~~\".\\{ S\UAY\92\\ܼ4lTs]\D9\5\'e\e\\)AF\nz˘+z,E\1$g\+\rT\c\ x&\\%\UpQr=SQRٮ.7\@\wr#\\b? \}\Cn0>|\;HiP\\rW=+\6<X\9].[}\Zq\,\\$!\M\n\ib\[\Ֆ{P(s<\\\CeЎ^r,VTNkDK\\{k\\WRYqm\Z\=x@Q\L\p=\l+QLj\1\qT\OڹLQ\4\\_G6B{;\/.Efa}߂_\@V\\\)}Eb\\\tI\UAEPs@7j\rO^\zB5vncĞ	W.|\'[A\\LJEɒnQ\P3]m[W̼\[x\Wa{^2;#pB~f)+Uu,i\)z&:\>t|8ɕb\ZЀ\\c\Z{E\lB{*:N\$Ȏjmث3K\]@NQ>Td!*z\u\r	mz#|r\RHFיBzǾ0ً^(xb\\\KX\;7\\\Gs1\DB5;	o4ᱯ\\o*\8\\n\n8\xbbO\z\˵\\\g\]l\ǋ\\7\eE6$ڃ\E-\'\Jz\RՊ\*ttxl보3\\N#5y\\Nc,3\\F/\"\<05ռ;%\\Eمj7]\eV\d=iibLѐ\0Y\iRG\śxO\ \@\\r#Mjjw\%\KM\ZW=m\%cXS,[\q,l+\a)6{RAT\/\f\"\vB\Y}BB=\\X\\\hF\GhGx\N}\r诟\\Y\wg;s\jd\\\\D\n\\\/-Il\RӍt\^\K\4f\\n\O̤\r9 h\S\Z¾%Q:%WSMTON\bA\:L\Ǿ\ѵ2\'-dc1|\69N /y6dc1\\oi\J0N#R~h3\/\7\+.!O-cJ\@\J-\J\Y\ś\u򺶴Q\Oް8Qth\l&)}v\-0D\\\\3\'\2\f\,OM	kz\CtjD@:\+B\'+G\>\Ege\qU\Q/j\\.\hR\h$DS_\\$2)r\\\\5\q:*&\\}ʹT\>\\A\t\"Y\Df<W\6rE\)\"\r`/LEXbx{T5W|cr\p\U\bl\!\I\OHM%0\y\nh j\\~+\΃8Y\Zn\r}8}\\K^:X*\[^\egqyE%\9\0G\\\\48\"ݯ\DI\+0Y䠓-\n#1UK*\ɯGyQo\Z/9	_P*\Z=kBJ^O?f\)\"~-/gᨣ\\R\\Z\w\\H4,Q\R\a\\	e.Ң\\[|ё\\FR)Lzr	.Uٚ\\0G\\pAZ>՗fM\j\l\\Iwk\̡4k?z\yG\`ˍԏ\:o})p\n\Wm v\lϸx\\Z\]r#4Zn#j[;ri1u\9&o\r\?	S+o\лв\)f\r\1F6:^DaZN\\\\\2w+9ֈ<|AP\5EX\\~\3!T\\Zȗ,Y@k2f:\()ĸZc\4;9P\1Xs3zGm=4\9˚B\0\\\L)\\RIȏtP8A!LX\*8I)nTt#iWFg35g/nč0eۄ;|Wp7TMB@b\(\64\̥G\\ńF\!K\\WKD̏(c~\(|\{1-o1\7֩ʉ\%!\\_L5?~\l\\\^ٟ6\nh\'/͢\uwXg}\\A=\Hz!\H\/i+\\ג\3ƅbC/GVjt\\0@(^\\mĔ-UP\\\L\"R&,\\\gM\r2>\f/o|K$\xoWwʲm\\\o~\\@\:#s\\\QΈ>k׈\k(fHLvI\D\0¯2\sFz\\&;<2\[\\[ܵcmOHz,R@`O\>ǽ6LIl_t\LY\"R=\'5C\D\𥡓|%\\Sr\\\䒾0\\ͼ8X\ܢ\F</o=w\\/ss_\$O\\z\\\2FL\$\r@}\{\\\ǶsNk\f*cv9\­\x$\x\h8$:\%L%UZJQ|`\GQ9 \\?H\\'_cO\U$)\\y:\?\Z|gB1m\Bv}\\n<\Fe\'\\iySy2>	rz6Sqe2\\Le虱\ l\v\Hb]c\{dpq:^F\\_\OL\;·,)K\\\\4ie]fػ\\V|\Zqe5-\n\!0V{oR\g&mϜ_DT=\S\\Ѓgm482\C$\^U#If\.O>R\/~:`\nK\T\rW\\a\6\\rǤr)mTJ\Pٛ9;\IXg\Xh\wʟyU\ \q\صI`4\Hp\nCwE!V;.1\\򐿅\kU\\\\᧓X\]\|\4Co\:\\˷\Zοl\v?MEKy,a\o\K@8%A I(	vx MԠC\r>\\*_\y)EF\\ŲJ֥pV#\`4{h)#\k`GʧR0Fmw0\<	V1ˣ\\\L\_\BH{TV\y\vZ\9\J	i0V%7\o·m4\gP{-\i@\\IB\'%\=J~\\\\n@oZ\+\'Q]\3oU\勫N\n\Ad-`\^Љ\<5f1ar\k<\\D3\UV>\_qR,y?N<ߔ`\X0&ߏKP/XFm(3n@x\'0Oe\0\6\1u~~\y`)@1f%\^\Aؔ\\\oBT2(\$\04\?BsD#|;hb̆5Ѱ\U\\0Yt9$\\0\&G&\\n\n\˸\͟<)ӥM)JQ;#v\\\$VI\ZK?<47\>=+\\|[\"FL+y\\Y\4>lr\\\*u}uԈc -\\7%\\\)ڢE)$\a*\3b\\bC6p}Yg\\B]CT\\\ǬsPt0\IԢ\n4\d\U]9\\r\\\ƘlR6j\\J	4\Z\	O`m?T\rUG\o\\\Zl\$ב\\\F\\\\}^#\j/\%AN-LW#A\P\\Loʧ\5$r]YE\U\&8s\G;\e$\vCh\1`U\8EZ\\5z*?̟\\\\{\t޾$DHW=O+V>oV\2PTPLs)\+\\w\.eOpw^b;$H&dh5A\[\cd5\\ma)\]\'J0\\rK2;#\sj\ե\roE}= o\H\mR0AI6\%EGvX1;DT\Z\[>\B7iG7uC\M3ҫҫ n\B\ʥ rk\gb\\\\3\R\Z;\0\+\ 8vFzhЂD\n\\p9#fN	o1\OV\\\6,;\\"\U&fZoq\E~⢟S\V\O; \Z@\n\2\\d>K壊\,\0ن/<&\P%\3\rd^|II\\7 ~\"bL5..U=\R\&\\\r\\7w!zo\gSi:.P\_EB\\\W,\'\\0Q3\\!QDOh@1\ZRѪtք	\j\\\'|$\ymA\\Ś}\\\a\\\#\NJ̌L\nGOX53.oeo\?j5\`oY7\\oe>1\0,6RO[\\yh.\Z\RR|\[mPZ\\0+m4\\"ނ5\,\7ZTK{uͼ\\0Ga\>y\\0p,\\yWY2_4vb_^T<wԺ/葩F_\,>\v\\7\\JǍ\\\]HdK5\V9\M\GrൎV`;8!Xf5\.>7i\r\\\\F;XM-\\a&2bT\\AE=ci\\s.ݲ4\vU+,Kklg	yRr6Iro}F5:WQuD̰,\w9*F@|Y/BF\JjAzff\\\ZZfaM+\̒\\gޞ	\\y1Q\?6\=s\In\'>\\\\\r.\2,U\Fd\n2\\Z^m}!\\h.\U_\.ZҒ^\e\d@z\=J7y:\Ki\"Բ@~ɫTI$d\_+jānwa$Mͥh]\\p\\/γ4زuc7\\w\Z@\'TS3,S\joے\?V\~\\\:c\YX2\!\r䩼f\x\\\\cZ8p\N^\_{\g|\r\+Vub-[0r\9}\#RI˓\n\!6^C?\"y\'i\\'\nX6a^\a\\#IRϰ]\{	pʿ\\ۗWk-o\\n3E*%\&4P\#[PLodqKHD\'\\GyQ\q:O\\Oy*oƛ㞚ٓ\nw\\e\jה\L\7?S\"\\#č\]\NH_xU-,OI,O^i	\'1o~\\\/\3\/\~п\-\'0֓˰!)Dca\\0$$&]\\*$@h\\ZX\M\#\'\)\Ȧxm\ͣ&dAL\M\q\\\\{$h\i#S3O\\<5V\\,^oQǝu}?\"22U\W\Ƅ\\<g7+?\}C;:,\(\Fjӟ\oŸ\yftbQ\SH(tO\rW\\m!r\+ƺ\q\)6\0\]^S\0	\ه\\(!\\æ\0OۂF\B\0XD\\tkn5OgLN$ڰWZ\D\,(O=\;@\\Ց\\\q\0n\\\\4	H\B^Ѵu\~Tꏩ\'m}w\0ѧO&E\Fln:TKP0Pȩ\\\5DzFVL4?ȯ}^\Dy\jqT jZ_\\\v\\\n\2:\9g]\\f)U\\\\\\\0ӫK\"\H\qMo6G5\Z֧m\rIxޒ~̆v\\\z\۫2K=&r!\M\bd\h\kAFR\+1H\[y\nQڊ\Nm3ĽXdaۓ_YDڷ_<b\!;\ٌ\YK\$@r=\rw\[%Xv-kI\\\^G6ȪggֳR\FA=g\\\\LhCzu9\\\\(cݮ3\\D~>mX\*\Θ>\m\rQ\Kh\0\԰\\0\L^\a=@਑p\\k0\\FCdᥲ\\PΉ!\#:\\$K?\h$~ǿo\\roI]9/s+f>&*6\}\܂Z\äNW1E\%n\0\\\fd[#m\m^;\\OMVz\.\Eփx','maha.jpeg','image/jpeg');
/*!40000 ALTER TABLE `image_data` ENABLE KEYS */;
UNLOCK TABLES;

--
-- Table structure for table `payment`
--

DROP TABLE IF EXISTS `payment`;
/*!40101 SET @saved_cs_client     = @@character_set_client */;
/*!50503 SET character_set_client = utf8mb4 */;
CREATE TABLE `payment` (
  `id` bigint NOT NULL,
  `card_num` bigint NOT NULL,
  `cvv` int NOT NULL,
  `expiry_date` datetime NOT NULL,
  `name` varchar(50) NOT NULL,
  PRIMARY KEY (`id`)
) ENGINE=MyISAM DEFAULT CHARSET=utf8mb4 COLLATE=utf8mb4_0900_ai_ci;
/*!40101 SET character_set_client = @saved_cs_client */;

--
-- Dumping data for table `payment`
--

LOCK TABLES `payment` WRITE;
/*!40000 ALTER TABLE `payment` DISABLE KEYS */;
/*!40000 ALTER TABLE `payment` ENABLE KEYS */;
UNLOCK TABLES;

--
-- Table structure for table `product`
--

DROP TABLE IF EXISTS `product`;
/*!40101 SET @saved_cs_client     = @@character_set_client */;
/*!50503 SET character_set_client = utf8mb4 */;
CREATE TABLE `product` (
  `product_id` bigint NOT NULL,
  `product_description` varchar(8000) NOT NULL,
  `product_name` varchar(255) NOT NULL,
  `product_price` bigint NOT NULL,
  `product_unit` int NOT NULL,
  `category_id` bigint DEFAULT NULL,
  `imageid` bigint DEFAULT NULL,
  PRIMARY KEY (`product_id`),
  KEY `FK1mtsbur82frn64de7balymq9s` (`category_id`),
  KEY `FKmxsmdkmjfb95molbygnhqgulu` (`imageid`)
) ENGINE=MyISAM DEFAULT CHARSET=utf8mb4 COLLATE=utf8mb4_0900_ai_ci;
/*!40101 SET character_set_client = @saved_cs_client */;

--
-- Dumping data for table `product`
--

LOCK TABLES `product` WRITE;
/*!40000 ALTER TABLE `product` DISABLE KEYS */;
INSERT INTO `product` VALUES (5,'Best Quality Cement','Birla',700,20,2,1),(6,'Best Quality Cement','Ultratech',720,30,2,2),(7,'Best Quality Cement','Ambuja',680,50,2,3),(8,'Best Quality Cement','JSW',700,60,2,4),(9,'Best Steel Material','Tata Steel',4000,90,3,5),(10,'Best Brick ','Shinde Bricks',800,600,4,6),(16,'Best in buiding material','jcc',800,50,2,7);
/*!40000 ALTER TABLE `product` ENABLE KEYS */;
UNLOCK TABLES;

--
-- Table structure for table `user`
--

DROP TABLE IF EXISTS `user`;
/*!40101 SET @saved_cs_client     = @@character_set_client */;
/*!50503 SET character_set_client = utf8mb4 */;
CREATE TABLE `user` (
  `user_id` bigint NOT NULL,
  `active` int NOT NULL,
  `email` varchar(50) NOT NULL,
  `first_name` varchar(255) NOT NULL,
  `last_name` varchar(255) NOT NULL,
  `password` varchar(255) NOT NULL,
  `register_date` datetime DEFAULT NULL,
  `role` varchar(255) NOT NULL,
  PRIMARY KEY (`user_id`),
  UNIQUE KEY `UK_ob8kqyqqgmefl0aco34akdtpe` (`email`)
) ENGINE=MyISAM DEFAULT CHARSET=utf8mb4 COLLATE=utf8mb4_0900_ai_ci;
/*!40101 SET character_set_client = @saved_cs_client */;

--
-- Dumping data for table `user`
--

LOCK TABLES `user` WRITE;
/*!40000 ALTER TABLE `user` DISABLE KEYS */;
INSERT INTO `user` VALUES (1,1,'babashaib23@gmail.com','Babasaheb','Bhise','$2a$10$ywSmE/oT5WvInqu1y./pbe3H1820lZSKgzFCLnwuXWjtqrYG1bA2u','2023-03-10 12:08:18','admin'),(11,1,'ak@gmail.com','akshay','shinde','$2a$10$7iqdVxYJIIpuQxneDT2nzeiyGh3tQV8AEUHRbv7pOfMAOjujEcwry','2023-03-10 12:43:16','user'),(12,1,'patilpritam1974@gmail.com','pritam','patil','$2a$10$9k91oSOVWPCnVdD8pFCp1e5vfizhjwvxQKXulP7dyK3f3H3XiZL3i','2023-03-10 13:28:42','user'),(13,1,'pawansable26@gmail.com','pawan','sable','$2a$10$m0ap7MIDEPvCGdB/FeXiCOpQldBf65wfYEHOn.8n.moskLGe3Jov.','2023-03-10 14:28:28','user'),(14,1,'akshayshinde2101@gmail.com','akshay','shinde','$2a$10$up7TUxnyZuDbyAKvGh2fROGpWqNFysziPGgGqpQ8Ng4aI63983BQ2','2023-03-10 14:30:31','manager');
/*!40000 ALTER TABLE `user` ENABLE KEYS */;
UNLOCK TABLES;

--
-- Table structure for table `user_product`
--

DROP TABLE IF EXISTS `user_product`;
/*!40101 SET @saved_cs_client     = @@character_set_client */;
/*!50503 SET character_set_client = utf8mb4 */;
CREATE TABLE `user_product` (
  `user_id` bigint NOT NULL,
  `product_id` bigint NOT NULL,
  KEY `FKnw43wab2rt35jmofmpbhkibco` (`product_id`),
  KEY `FKq5o2e33vlwpfc2k1mredtia6p` (`user_id`)
) ENGINE=MyISAM DEFAULT CHARSET=utf8mb4 COLLATE=utf8mb4_0900_ai_ci;
/*!40101 SET character_set_client = @saved_cs_client */;

--
-- Dumping data for table `user_product`
--

LOCK TABLES `user_product` WRITE;
/*!40000 ALTER TABLE `user_product` DISABLE KEYS */;
INSERT INTO `user_product` VALUES (1,5),(11,5),(12,9),(12,10),(12,6),(13,5);
/*!40000 ALTER TABLE `user_product` ENABLE KEYS */;
UNLOCK TABLES;
/*!40103 SET TIME_ZONE=@OLD_TIME_ZONE */;

/*!40101 SET SQL_MODE=@OLD_SQL_MODE */;
/*!40014 SET FOREIGN_KEY_CHECKS=@OLD_FOREIGN_KEY_CHECKS */;
/*!40014 SET UNIQUE_CHECKS=@OLD_UNIQUE_CHECKS */;
/*!40101 SET CHARACTER_SET_CLIENT=@OLD_CHARACTER_SET_CLIENT */;
/*!40101 SET CHARACTER_SET_RESULTS=@OLD_CHARACTER_SET_RESULTS */;
/*!40101 SET COLLATION_CONNECTION=@OLD_COLLATION_CONNECTION */;
/*!40111 SET SQL_NOTES=@OLD_SQL_NOTES */;

-- Dump completed on 2023-03-10 15:22:51
